approach_junction,waiting_s,timeloss_s,blocked,controller,seed
A0,124387.41,153234.5,26,tm,01
A1,435516.34,486288.17,102,tm,01
A2,370720.64,400869.11,114,tm,01
A4,266799.15,299189.76,52,tm,01
A5,127740.0,154026.27,26,tm,01
B0,456346.78,539116.67,110,tm,01
B1,873435.46,1011331.86,261,tm,01
B2,634975.0,705971.72,188,tm,01
B4,502484.1,560982.4,115,tm,01
B5,334886.0,383152.08,90,tm,01
C0,219754.24,289910.55,23,tm,01
C1,544008.66,683734.44,109,tm,01
C2,683178.62,805997.45,149,tm,01
C3,640223.0,738543.85,189,tm,01
C4,778214.05,909668.59,197,tm,01
C5,295098.17,363328.24,79,tm,01
D0,123893.37,162397.47,0,tm,01
D1,299979.72,385662.72,12,tm,01
D2,403126.94,506109.79,50,tm,01
D3,674760.0,815612.77,130,tm,01
D4,727224.71,879990.29,176,tm,01
D5,252193.24,315759.11,37,tm,01
E0,58570.0,80304.18,1,tm,01
E1,160527.86,209669.19,1,tm,01
E2,268039.0,349807.6,17,tm,01
E3,382286.93,485156.66,53,tm,01
E4,432596.45,538667.29,59,tm,01
E5,140170.0,182277.46,2,tm,01
F0,10526.0,14327.33,0,tm,01
F1,54142.75,70531.04,0,tm,01
F2,60714.0,81761.54,2,tm,01
F3,125064.0,167217.82,5,tm,01
F4,163575.0,210549.59,9,tm,01
F5,70754.0,93715.65,0,tm,01
A0,109529.0,136076.34,42,tm,02
A1,361853.41,410265.4,88,tm,02
A2,407655.7,446037.96,110,tm,02
A4,261430.0,294445.67,61,tm,02
A5,129699.0,152157.89,31,tm,02
B0,371461.97,457861.81,108,tm,02
B1,892559.15,1021173.23,261,tm,02
B2,633419.0,703348.69,190,tm,02
B4,479665.19,545459.92,110,tm,02
B5,310863.0,362552.73,103,tm,02
C0,190048.23,254007.01,19,tm,02
C1,534289.52,656392.64,108,tm,02
C2,684324.19,804101.17,171,tm,02
C3,618906.0,720788.4400000001,188,tm,02
C4,667349.34,781657.25,164,tm,02
C5,276245.0,343566.91,86,tm,02
D0,119164.0,157312.7,1,tm,02
D1,254022.0,324965.88,5,tm,02
D2,378172.12,478218.07,34,tm,02
D3,607849.99,740348.25,119,tm,02
D4,705362.0,855203.16,147,tm,02
D5,206718.0,260523.16,21,tm,02
E0,57162.0,77327.81,0,tm,02
E1,146802.03,189229.04,0,tm,02
E2,239148.0,310144.83,8,tm,02
E3,313722.13,404536.38,27,tm,02
E4,403935.18,504854.81,60,tm,02
E5,147384.12,191043.59,4,tm,02
F0,10039.0,13403.86,0,tm,02
F1,42294.0,55180.76,0,tm,02
F2,56460.0,75142.57,0,tm,02
F3,114319.16,151565.97,2,tm,02
F4,171215.21,224827.92,12,tm,02
F5,64588.0,86365.02,0,tm,02
A0,151107.0,181256.67,41,tm,03
A1,479285.13,538980.74,117,tm,03
A2,381611.9,416613.82,109,tm,03
A4,234407.9,263543.43,49,tm,03
A5,122553.0,147939.82,22,tm,03
B0,412229.32,492810.0,120,tm,03
B1,890445.4,1020921.33,252,tm,03
B2,684828.78,753014.74,209,tm,03
B4,462676.2,520729.76,122,tm,03
B5,320589.0,367362.92,80,tm,03
C0,220291.0,286534.28,28,tm,03
C1,550757.9,676323.39,110,tm,03
C2,751156.01,882567.58,193,tm,03
C3,555177.42,659383.07,144,tm,03
C4,735717.67,861284.33,156,tm,03
C5,279273.0,344998.11,69,tm,03
D0,137670.0,176393.41,4,tm,03
D1,284487.98,364354.09,16,tm,03
D2,367095.0,464699.33,40,tm,03
D3,535660.5,664750.81,87,tm,03
D4,671911.19,822353.49,127,tm,03
D5,223913.31,282827.91,36,tm,03
E0,46379.0,62556.23,1,tm,03
E1,159182.0,204995.46,1,tm,03
E2,235484.0,303463.23,11,tm,03
E3,343867.65,440145.22000000003,42,tm,03
E4,422868.94,525234.57,58,tm,03
E5,157302.0,201204.28,4,tm,03
F0,9772.0,12982.82,0,tm,03
F1,44830.0,57588.93,0,tm,03
F2,56868.0,74890.5,1,tm,03
F3,116652.0,155599.36,2,tm,03
F4,189128.48,245992.86,22,tm,03
F5,60528.0,81975.42,2,tm,03
A0,100967.92,127706.72,27,tm,04
A1,380521.28,434099.52,99,tm,04
A2,380528.16,416383.87,97,tm,04
A4,210781.74,239047.53,45,tm,04
A5,124116.0,147898.83,29,tm,04
B0,361982.74,450211.09,94,tm,04
B1,915953.38,1051703.11,269,tm,04
B2,645238.12,712020.87,205,tm,04
B4,424809.6,483875.02,96,tm,04
B5,290649.0,342643.52,91,tm,04
C0,190693.0,254342.94,19,tm,04
C1,562698.19,688510.91,107,tm,04
C2,697717.72,827710.92,182,tm,04
C3,484583.45,581635.26,96,tm,04
C4,597654.34,709815.24,118,tm,04
C5,246568.53,307244.84,71,tm,04
D0,133759.28,174443.77,0,tm,04
D1,292838.58,373442.24,18,tm,04
D2,361209.78,459520.13,36,tm,04
D3,447302.91,566635.31,81,tm,04
D4,548628.64,677506.67,91,tm,04
D5,175726.0,222503.15,13,tm,04
E0,47630.0,67717.91,0,tm,04
E1,128871.32,167709.14,0,tm,04
E2,233863.0,299406.15,6,tm,04
E3,319669.0,409365.37,36,tm,04
E4,352826.34,441173.99,41,tm,04
E5,129182.0,167892.77,3,tm,04
F0,9644.0,12786.13,0,tm,04
F1,33856.0,44884.23,0,tm,04
F2,46483.0,61810.95,0,tm,04
F3,105880.05,141521.33,1,tm,04
F4,137402.71,178939.12,13,tm,04
F5,53837.0,72941.88,3,tm,04
A0,131497.22,166626.87,38,tm,05
A1,432724.29,491927.87,117,tm,05
A2,332502.55,374734.52,63,tm,05
A4,180582.0,207739.67,40,tm,05
A5,122716.0,145182.04,28,tm,05
B0,402040.26,498878.41,111,tm,05
B1,884466.99,1018307.73,273,tm,05
B2,644772.0,712569.28,182,tm,05
B4,467113.99,537082.63,130,tm,05
B5,296372.0,352930.39,98,tm,05
C0,214462.83,282603.51,14,tm,05
C1,530716.65,660823.8,116,tm,05
C2,628344.56,751119.36,152,tm,05
C3,569925.6,673698.82,161,tm,05
C4,804431.46,938122.1,190,tm,05
C5,275636.0,347281.82,71,tm,05
D0,123749.33,160682.55,0,tm,05
D1,265587.0,340368.38,7,tm,05
D2,389616.0,488461.36,41,tm,05
D3,500375.94,623588.17,85,tm,05
D4,573122.79,714758.67,100,tm,05
D5,203574.0,259474.9,12,tm,05
E0,50199.0,68000.93,0,tm,05
E1,168648.78,218511.88,0,tm,05
E2,237153.84,306302.85,9,tm,05
E3,333329.26,427286.37,39,tm,05
E4,391535.06,491209.93,42,tm,05
E5,136376.0,171481.33,1,tm,05
F0,9179.0,12555.81,0,tm,05
F1,50843.19,65792.67,0,tm,05
F2,53474.0,71963.89,0,tm,05
F3,97103.0,132170.2,1,tm,05
F4,160004.37,207029.41,6,tm,05
F5,44452.0,59582.17,0,tm,05
A0,97234.0,126289.05,36,tm,06
A1,324721.0,372913.34,74,tm,06
A2,251825.92,280338.56,54,tm,06
A4,203799.86,238763.92,39,tm,06
A5,97621.0,119922.21,14,tm,06
B0,316124.55,404828.2,99,tm,06
B1,704067.36,828323.71,172,tm,06
B2,610369.69,686513.98,190,tm,06
B4,380804.95,434031.36,96,tm,06
B5,295983.0,347881.64,77,tm,06
C0,168943.23,226141.15,5,tm,06
C1,422715.88,538131.86,75,tm,06
C2,577932.49,698724.5,122,tm,06
C3,386745.18,479564.69,55,tm,06
C4,533480.0,634727.34,110,tm,06
C5,216383.0,271500.77,59,tm,06
D0,107020.0,139750.36,0,tm,06
D1,266009.83,342423.06,5,tm,06
D2,341789.0,435120.73,30,tm,06
D3,453255.65,572659.76,74,tm,06
D4,472040.5,592751.3,70,tm,06
D5,140698.0,183310.88999999998,2,tm,06
E0,47181.0,64573.83,0,tm,06
E1,150409.68,194619.1,0,tm,06
E2,226559.0,288885.49,5,tm,06
E3,300394.13,386096.26,33,tm,06
E4,323307.0,406729.33,29,tm,06
E5,97019.0,126343.19,1,tm,06
F0,6730.0,9085.630000000001,0,tm,06
F1,39595.0,51448.05,0,tm,06
F2,51715.0,68462.4,0,tm,06
F3,96139.0,127436.14,2,tm,06
F4,124860.08,162763.77,7,tm,06
F5,35948.0,48820.93,0,tm,06
A0,166516.0,198335.09,47,tm,07
A1,425381.91,482595.2,107,tm,07
A2,325983.98,365863.24,76,tm,07
A4,230014.92,255667.69,57,tm,07
A5,141464.0,166595.94,40,tm,07
B0,397140.96,482685.39,98,tm,07
B1,846090.81,977461.53,274,tm,07
B2,661138.0,729651.02,208,tm,07
B4,558664.06,623249.5,143,tm,07
B5,355255.0,410360.98,99,tm,07
C0,212836.74,278489.22,21,tm,07
C1,580222.94,717929.61,135,tm,07
C2,759174.83,880596.36,195,tm,07
C3,576083.0,678358.62,161,tm,07
C4,772864.61,900346.25,173,tm,07
C5,302815.0,373530.12,81,tm,07
D0,151604.0,197655.75,3,tm,07
D1,314714.06,400164.95,11,tm,07
D2,408652.01,512971.0,47,tm,07
D3,518201.81,642411.33,99,tm,07
D4,544506.95,672833.27,106,tm,07
D5,207775.0,263635.61,15,tm,07
E0,55518.0,72900.49,1,tm,07
E1,170227.26,219566.99,2,tm,07
E2,260967.0,335832.83,9,tm,07
E3,346047.0,442629.78,44,tm,07
E4,380494.95,481402.3,34,tm,07
E5,124796.0,155384.17,5,tm,07
F0,9933.0,13304.19,0,tm,07
F1,42741.0,56169.04,0,tm,07
F2,51997.0,70540.25,0,tm,07
F3,123644.0,162043.95,5,tm,07
F4,170121.26,219233.86000000002,7,tm,07
F5,46286.0,61108.36,1,tm,07
A0,102302.64,131837.4,40,tm,08
A1,357645.0,407458.49,89,tm,08
A2,324814.73,358412.72,85,tm,08
A4,257780.56,299878.02,67,tm,08
A5,99304.68,116531.58,6,tm,08
B0,330933.45,413567.56,106,tm,08
B1,921852.72,1063505.17,270,tm,08
B2,650451.22,728391.83,196,tm,08
B4,409615.35,459889.52,104,tm,08
B5,318571.0,364362.29,74,tm,08
C0,188766.2,249307.51,8,tm,08
C1,514022.78,639622.26,107,tm,08
C2,624861.63,747863.98,150,tm,08
C3,484640.0,580079.0,111,tm,08
C4,679060.61,811419.1,145,tm,08
C5,242641.37,302155.97000000003,64,tm,08
D0,126972.0,164866.46,2,tm,08
D1,272209.91,352438.99,11,tm,08
D2,333894.92,427993.14,29,tm,08
D3,440867.99,554435.33,70,tm,08
D4,523836.03,643306.65,87,tm,08
D5,180272.0,228128.11,4,tm,08
E0,57790.0,73871.32,1,tm,08
E1,131110.27,169961.89,0,tm,08
E2,220604.59,285921.93,3,tm,08
E3,279615.6,360526.44,26,tm,08
E4,368052.53,465365.77,42,tm,08
E5,114767.0,148520.85,0,tm,08
F0,8593.0,10942.119999999999,0,tm,08
F1,29451.0,39003.37,0,tm,08
F2,50583.0,66615.87,0,tm,08
F3,84466.0,111703.13,1,tm,08
F4,147057.0,191280.69,10,tm,08
F5,44373.0,59393.22,1,tm,08
A0,105254.0,134685.91,19,tm,09
A1,342984.38,394602.35,78,tm,09
A2,324118.78,357971.71,63,tm,09
A4,173900.08,199254.06,33,tm,09
A5,122733.0,147322.52,31,tm,09
B0,362356.42,446778.2,96,tm,09
B1,705442.94,828593.95,192,tm,09
B2,614985.57,698483.0,188,tm,09
B4,386481.79,441344.02999999997,87,tm,09
B5,307981.0,358741.87,88,tm,09
C0,196803.0,260418.75,10,tm,09
C1,433053.99,555590.98,87,tm,09
C2,554038.65,670089.1,119,tm,09
C3,398175.78,493710.19,71,tm,09
C4,589607.23,708114.69,106,tm,09
C5,238677.42,296699.75,65,tm,09
D0,113800.5,148543.38,0,tm,09
D1,276169.0,354650.47,4,tm,09
D2,326662.99,419565.2,19,tm,09
D3,401519.25,508829.16,67,tm,09
D4,492708.29,615065.45,75,tm,09
D5,168356.0,213961.83,10,tm,09
E0,45712.0,60339.88,0,tm,09
E1,157424.17,203626.19,2,tm,09
E2,224828.0,288938.15,4,tm,09
E3,282553.75,367068.95,18,tm,09
E4,390970.03,489321.22,49,tm,09
E5,101337.0,128510.39,1,tm,09
F0,4685.0,6743.6,0,tm,09
F1,38125.0,49083.82,0,tm,09
F2,53569.0,68810.25,3,tm,09
F3,87521.0,114160.93,2,tm,09
F4,133280.35,173264.63,8,tm,09
F5,33031.0,44915.7,0,tm,09
A0,119443.36,147676.43,31,tm,10
A1,388120.0,433208.43,86,tm,10
A2,326560.53,358824.61,95,tm,10
A4,254474.01,296862.14,52,tm,10
A5,146873.35,177108.99,12,tm,10
B0,382963.82,466394.42,101,tm,10
B1,830724.64,958945.34,227,tm,10
B2,620940.4,704075.81,195,tm,10
B4,457130.54,515932.83,115,tm,10
B5,377485.0,434684.33,92,tm,10
C0,206531.8,276097.39,14,tm,10
C1,470981.83,584470.82,94,tm,10
C2,624871.25,747354.5,160,tm,10
C3,487776.24,589141.01,112,tm,10
C4,684168.05,809132.81,150,tm,10
C5,257469.0,319533.03,61,tm,10
D0,139828.0,183206.79,1,tm,10
D1,280859.65,361287.62,15,tm,10
D2,352915.31,449885.25,42,tm,10
D3,495287.46,620205.15,90,tm,10
D4,539331.05,662478.06,105,tm,10
D5,194647.0,243205.6,15,tm,10
E0,47387.0,64055.18,0,tm,10
E1,155089.0,199819.19,2,tm,10
E2,243313.0,313293.59,10,tm,10
E3,311025.3,398443.15,29,tm,10
E4,365482.97,456810.93,40,tm,10
E5,110561.0,140244.53,1,tm,10
F0,7694.0,10457.25,0,tm,10
F1,57767.0,73341.13,1,tm,10
F2,53208.0,70214.15,0,tm,10
F3,93250.0,123154.02,5,tm,10
F4,144444.0,187108.41,10,tm,10
F5,41323.0,56087.23,0,tm,10
A0,126851.76,157317.58,40,tm,default
A1,366511.0,421635.6,82,tm,default
A2,363820.85,402202.3,95,tm,default
A4,210596.0,242943.03,40,tm,default
A5,113996.0,138150.89,18,tm,default
B0,335460.74,423204.03,107,tm,default
B1,851393.47,990239.75,237,tm,default
B2,620083.0,688946.2,193,tm,default
B4,362477.41,417544.0,79,tm,default
B5,305877.0,358064.92,83,tm,default
C0,205364.38,272581.16,9,tm,default
C1,483108.96,601539.06,93,tm,default
C2,581041.98,697230.06,134,tm,default
C3,469539.9,565447.89,95,tm,default
C4,623653.19,743106.03,131,tm,default
C5,241337.65,299074.12,64,tm,default
D0,119157.0,155475.43,2,tm,default
D1,263208.47,335699.22,8,tm,default
D2,339261.83,430951.1,33,tm,default
D3,461322.6,578515.09,77,tm,default
D4,530315.73,664694.5,89,tm,default
D5,162377.0,206603.21,5,tm,default
E0,53806.0,72963.36,1,tm,default
E1,132722.75,171237.79,0,tm,default
E2,217711.18,280484.13,3,tm,default
E3,287164.0,371765.29,31,tm,default
E4,361547.16,454277.36,29,tm,default
E5,107379.47,138200.83,2,tm,default
F0,8974.0,11674.83,0,tm,default
F1,31440.0,41622.84,0,tm,default
F2,44478.0,59602.33,0,tm,default
F3,96243.0,128625.31,2,tm,default
F4,129188.0,166198.2,4,tm,default
F5,37746.0,50552.45,1,tm,default
A0,92371.0,116999.93,7,rl,01
A1,315865.33,365729.49,92,rl,01
A2,338212.0,371778.84,89,rl,01
A4,269203.9,310239.18,74,rl,01
A5,54506.0,65801.94,2,rl,01
B0,352661.51,428649.87,149,rl,01
B1,724063.71,839234.48,221,rl,01
B2,670694.0,739339.09,196,rl,01
B4,512517.14,564175.71,143,rl,01
B5,402689.0,454509.24,96,rl,01
C0,142879.0,185493.94,1,rl,01
C1,370344.6,478676.92,62,rl,01
C2,385309.72,472276.24,83,rl,01
C3,185088.0,233995.41,5,rl,01
C4,451139.14,534808.34,92,rl,01
C5,229743.0,278231.37,71,rl,01
D0,84297.0,108456.25,0,rl,01
D1,227190.27,288721.08,0,rl,01
D2,230492.0,292156.6,11,rl,01
D3,318501.49,399437.44,26,rl,01
D4,319873.05,401624.19,37,rl,01
D5,77955.0,99418.16,0,rl,01
E0,23083.0,30671.75,0,rl,01
E1,91536.0,117432.79,0,rl,01
E2,175332.0,218810.58,6,rl,01
E3,223220.0,279687.69,15,rl,01
E4,221710.0,279104.74,5,rl,01
E5,51722.0,62178.6,0,rl,01
F0,7497.0,8360.74,0,rl,01
F1,29166.0,36223.89,0,rl,01
F2,15525.0,22658.46,0,rl,01
F3,68204.95,83566.38,0,rl,01
F4,85909.0,108366.4,4,rl,01
F5,8234.0,11688.5,0,rl,01
A0,110494.28,140007.36,23,rl,02
A1,400106.27,458045.16,112,rl,02
A2,367520.95,403566.78,89,rl,02
A4,269447.76,309174.92,71,rl,02
A5,50149.0,60565.44,4,rl,02
B0,413666.15,498903.99,147,rl,02
B1,879964.25,1006014.92,279,rl,02
B2,697418.69,760824.28,218,rl,02
B4,485292.14,533244.0,134,rl,02
B5,371766.0,420994.27,80,rl,02
C0,176466.96,225950.7,3,rl,02
C1,463321.79,588069.52,95,rl,02
C2,556710.05,666899.54,143,rl,02
C3,348297.91,433227.5,38,rl,02
C4,546041.26,645162.48,108,rl,02
C5,235021.0,283391.0,73,rl,02
D0,106898.66,136796.47,0,rl,02
D1,248519.37,317422.45,6,rl,02
D2,261522.0,336718.78,22,rl,02
D3,366292.0,458494.47,70,rl,02
D4,443965.15,548146.59,79,rl,02
D5,134246.0,169371.39,5,rl,02
E0,27642.0,35704.6,0,rl,02
E1,106803.97,136820.69,0,rl,02
E2,203188.87,252974.28,3,rl,02
E3,242740.0,305817.7,22,rl,02
E4,308112.27,390114.5,30,rl,02
E5,90772.0,110013.56,0,rl,02
F0,9426.0,10572.12,0,rl,02
F1,38755.0,48464.63,0,rl,02
F2,26223.0,36307.33,0,rl,02
F3,72853.0,90085.72,0,rl,02
F4,148599.54,188496.47,26,rl,02
F5,21648.0,30436.65,0,rl,02
A0,90033.75,116569.21,12,rl,03
A1,340257.35,393853.44,97,rl,03
A2,333826.35,367551.34,73,rl,03
A4,260395.0,298749.88,75,rl,03
A5,59178.0,69817.87,0,rl,03
B0,363939.0,443483.04,141,rl,03
B1,756244.2,875234.98,229,rl,03
B2,660721.62,727631.49,188,rl,03
B4,527299.62,577610.17,144,rl,03
B5,424044.0,476760.65,96,rl,03
C0,158983.12,205097.49,0,rl,03
C1,385309.77,498560.98,69,rl,03
C2,447841.73,542951.78,93,rl,03
C3,281471.95,349212.22,27,rl,03
C4,526842.93,621410.84,92,rl,03
C5,241535.0,292986.21,70,rl,03
D0,89148.0,113252.55,0,rl,03
D1,229781.61,294369.85,1,rl,03
D2,248537.0,316873.18,20,rl,03
D3,343967.23,430368.49,50,rl,03
D4,377104.01,468099.07,55,rl,03
D5,94095.0,119788.91,0,rl,03
E0,24095.0,31604.4,0,rl,03
E1,92845.97,119475.02,0,rl,03
E2,194353.0,242607.12,3,rl,03
E3,210951.0,267567.76,7,rl,03
E4,265015.0,336801.7,12,rl,03
E5,61557.0,74197.04,0,rl,03
F0,8309.0,9326.69,0,rl,03
F1,35390.0,44230.47,0,rl,03
F2,18029.0,26608.76,0,rl,03
F3,65592.0,81403.63,0,rl,03
F4,114015.13,145320.23,6,rl,03
F5,10823.0,16133.0,0,rl,03
A0,100976.0,126442.25,12,rl,04
A1,336351.21,389142.36,104,rl,04
A2,330147.98,364126.6,82,rl,04
A4,287318.0,326960.79,84,rl,04
A5,43962.0,53366.03,0,rl,04
B0,350806.43,424756.09,145,rl,04
B1,763618.84,877941.23,219,rl,04
B2,706464.74,768193.57,218,rl,04
B4,525142.99,572452.2,144,rl,04
B5,481869.0,536551.94,95,rl,04
C0,145787.0,187369.11000000002,3,rl,04
C1,402972.64,516068.54,77,rl,04
C2,544654.61,659821.89,120,rl,04
C3,333306.0,409917.1,38,rl,04
C4,569188.63,667514.81,97,rl,04
C5,241268.37,292509.55,71,rl,04
D0,98961.0,125535.47,0,rl,04
D1,245108.2,315370.55,0,rl,04
D2,256801.0,330136.83,21,rl,04
D3,369515.02,462616.75,54,rl,04
D4,452531.82,559554.45,84,rl,04
D5,135755.0,173481.18,5,rl,04
E0,28243.0,36666.18,0,rl,04
E1,99985.0,128406.68,0,rl,04
E2,197641.82,247030.72,5,rl,04
E3,232657.0,298082.08,7,rl,04
E4,315436.74,394919.15,32,rl,04
E5,108262.8,130841.44,1,rl,04
F0,10231.0,11555.83,0,rl,04
F1,41595.0,51834.0,0,rl,04
F2,26348.0,37098.68,0,rl,04
F3,81498.0,100104.2,0,rl,04
F4,152008.0,191397.07,21,rl,04
F5,20712.0,29351.66,0,rl,04
A0,85033.0,109266.43,10,rl,05
A1,314286.31,361160.6,84,rl,05
A2,343921.0,376766.05,72,rl,05
A4,285838.33,329119.02,88,rl,05
A5,59587.0,70141.61,0,rl,05
B0,360242.36,440513.53,131,rl,05
B1,763071.36,879622.07,237,rl,05
B2,728685.19,793101.62,221,rl,05
B4,494008.91,546173.98,143,rl,05
B5,439989.0,495553.61,93,rl,05
C0,145873.05,187716.45,1,rl,05
C1,422421.82,539228.84,73,rl,05
C2,503646.55,606207.47,116,rl,05
C3,248094.07,305360.96,24,rl,05
C4,513894.55,608419.05,103,rl,05
C5,236736.0,286339.77,71,rl,05
D0,95240.0,121255.14,0,rl,05
D1,242367.04,308818.32,5,rl,05
D2,250002.34,318922.83,20,rl,05
D3,342863.87,429326.1,52,rl,05
D4,384025.64,476613.56,62,rl,05
D5,96948.0,122411.59,0,rl,05
E0,22225.0,29205.89,0,rl,05
E1,90671.88,117387.35,0,rl,05
E2,195947.0,243204.78,5,rl,05
E3,235967.0,297883.21,17,rl,05
E4,277916.0,351413.98,20,rl,05
E5,73242.38,88286.49,0,rl,05
F0,8444.0,9354.87,0,rl,05
F1,34958.0,43867.64,0,rl,05
F2,18642.0,27142.91,0,rl,05
F3,64649.0,80062.05,0,rl,05
F4,119684.0,151640.02,12,rl,05
F5,11673.0,16906.85,0,rl,05
A0,97584.5,123492.35,6,rl,06
A1,307517.19,355576.07,97,rl,06
A2,339195.8,370802.33,86,rl,06
A4,299353.93,339727.15,87,rl,06
A5,121888.0,142240.34,12,rl,06
B0,349465.14,423143.91,149,rl,06
B1,812434.0,933640.75,227,rl,06
B2,724687.28,796928.67,210,rl,06
B4,515564.26,562080.02,134,rl,06
B5,446938.0,502770.05,116,rl,06
C0,135666.0,176432.2,0,rl,06
C1,397144.51,510615.7,69,rl,06
C2,481489.72,588229.23,102,rl,06
C3,288497.36,355122.17,27,rl,06
C4,542705.05,637825.67,90,rl,06
C5,238213.0,287323.12,69,rl,06
D0,102148.0,130701.69,0,rl,06
D1,247827.05,313872.2,3,rl,06
D2,253004.0,324564.51,15,rl,06
D3,364256.37,455830.78,51,rl,06
D4,405318.84,502858.48,64,rl,06
D5,91561.0,117816.13,0,rl,06
E0,23359.0,30845.27,0,rl,06
E1,95728.35,123201.88,0,rl,06
E2,195394.0,243965.28,5,rl,06
E3,234072.0,297008.7,13,rl,06
E4,286033.81,365092.72,21,rl,06
E5,73849.0,88205.38,0,rl,06
F0,8577.0,9631.85,0,rl,06
F1,37018.0,46329.84,0,rl,06
F2,21899.0,31045.64,0,rl,06
F3,66800.0,82877.47,0,rl,06
F4,136279.53,174368.52,15,rl,06
F5,12592.0,18948.84,0,rl,06
A0,98846.52,125468.1,15,rl,07
A1,329460.3,382162.9,100,rl,07
A2,321682.3,353153.63,68,rl,07
A4,316421.04,362507.09,90,rl,07
A5,85209.0,102732.36,6,rl,07
B0,368144.0,448764.72,142,rl,07
B1,795926.03,912541.48,232,rl,07
B2,707878.54,775458.05,225,rl,07
B4,503020.67,549910.99,137,rl,07
B5,407627.0,457773.98,99,rl,07
C0,151712.0,197129.3,2,rl,07
C1,379914.14,489498.82,74,rl,07
C2,440843.58,535792.37,83,rl,07
C3,281056.0,348778.72,19,rl,07
C4,528164.14,624770.3,100,rl,07
C5,234848.0,284063.65,71,rl,07
D0,92260.0,117840.57,0,rl,07
D1,229516.06,292661.48,3,rl,07
D2,250129.0,317120.58,12,rl,07
D3,341653.84,430301.36,54,rl,07
D4,413538.97,511494.78,68,rl,07
D5,89112.0,114627.1,1,rl,07
E0,27761.0,35968.91,0,rl,07
E1,97300.0,125053.69,0,rl,07
E2,190703.57,237171.51,6,rl,07
E3,242062.84,303087.98,9,rl,07
E4,274346.27,346461.7,19,rl,07
E5,56983.0,69471.77,0,rl,07
F0,8417.0,9365.289999999999,0,rl,07
F1,34490.0,42971.94,0,rl,07
F2,20457.0,29296.18,0,rl,07
F3,71158.0,87425.95,0,rl,07
F4,120039.0,152139.43,8,rl,07
F5,10543.0,16158.83,0,rl,07
A0,95975.85,124193.1,13,rl,08
A1,318445.39,366789.44,87,rl,08
A2,305531.16,336064.7,77,rl,08
A4,271499.0,310783.5,79,rl,08
A5,56356.0,66545.6,0,rl,08
B0,366632.0,444301.97,139,rl,08
B1,708486.64,822560.31,205,rl,08
B2,760888.73,827667.46,247,rl,08
B4,476387.98,523313.32,142,rl,08
B5,396547.8,446677.33,98,rl,08
C0,154709.76,200651.27,1,rl,08
C1,407394.7,523913.3,69,rl,08
C2,526281.98,637433.2,133,rl,08
C3,356165.0,439117.29,42,rl,08
C4,581611.79,683987.89,103,rl,08
C5,249338.2,302938.86,72,rl,08
D0,97179.0,124286.43000000001,0,rl,08
D1,246870.0,317192.55,5,rl,08
D2,264899.06,338054.11,26,rl,08
D3,369380.24,464346.26,60,rl,08
D4,460618.59,569729.16,93,rl,08
D5,145366.0,185170.3,6,rl,08
E0,26978.0,35190.88,0,rl,08
E1,103133.0,132360.21,0,rl,08
E2,203676.0,254031.18,12,rl,08
E3,269007.78,340349.33,20,rl,08
E4,302830.62,383866.65,25,rl,08
E5,82611.0,101244.49,0,rl,08
F0,8947.0,10112.289999999999,0,rl,08
F1,39891.0,50901.32,1,rl,08
F2,27685.0,38195.05,0,rl,08
F3,81419.0,99822.96,0,rl,08
F4,157572.96,198473.06,29,rl,08
F5,19786.0,28517.51,0,rl,08
A0,92870.0,118591.13,5,rl,09
A1,311819.0,363834.22,88,rl,09
A2,295489.49,325727.51,71,rl,09
A4,295959.05,339425.5,85,rl,09
A5,79197.0,94806.29,7,rl,09
B0,361732.52,437537.63,146,rl,09
B1,727065.54,840317.07,199,rl,09
B2,757279.34,827041.04,216,rl,09
B4,466167.88,517567.91,132,rl,09
B5,433651.0,490667.0,102,rl,09
C0,144596.35,184392.19,2,rl,09
C1,395913.13,513412.13,72,rl,09
C2,424567.55,515062.25,94,rl,09
C3,204905.0,258739.31,9,rl,09
C4,478703.29,566923.26,87,rl,09
C5,227376.13,274558.61,71,rl,09
D0,103234.57,129821.75,4,rl,09
D1,235124.0,300343.79,3,rl,09
D2,246518.7,313222.03,24,rl,09
D3,349522.74,438580.99,41,rl,09
D4,380587.34,475108.42,63,rl,09
D5,77721.0,101008.53,0,rl,09
E0,26042.78,34355.93,0,rl,09
E1,99652.0,126625.25,0,rl,09
E2,182591.0,228141.97,5,rl,09
E3,221383.92,279725.53,14,rl,09
E4,275434.0,350881.41,16,rl,09
E5,60181.0,72532.82,0,rl,09
F0,7720.0,8530.03,0,rl,09
F1,30903.0,38166.51,0,rl,09
F2,19143.0,27359.73,0,rl,09
F3,66767.0,81855.46,0,rl,09
F4,107242.94,136393.99,5,rl,09
F5,10116.0,15288.08,0,rl,09
A0,97629.16,123597.99,9,rl,10
A1,314330.09,363018.33,98,rl,10
A2,311097.96,342428.34,74,rl,10
A4,306369.0,347909.33,90,rl,10
A5,79501.0,94320.59,6,rl,10
B0,360256.0,437724.7,144,rl,10
B1,739352.09,848773.37,216,rl,10
B2,701090.22,770388.98,212,rl,10
B4,515428.83,560933.21,150,rl,10
B5,417446.0,470281.84,110,rl,10
C0,133506.22,175198.5,0,rl,10
C1,409582.0,525983.18,84,rl,10
C2,507707.31,613938.86,109,rl,10
C3,258748.0,320313.26,25,rl,10
C4,541931.0,638860.02,102,rl,10
C5,242937.0,293932.23,72,rl,10
D0,103498.0,133370.86,0,rl,10
D1,236313.45,301967.36,0,rl,10
D2,260385.0,332164.88,27,rl,10
D3,383166.89,480551.8,66,rl,10
D4,417108.76,518614.06,78,rl,10
D5,105829.72,135683.69,1,rl,10
E0,26454.0,34370.38,0,rl,10
E1,99741.59,128203.29,0,rl,10
E2,208405.0,260206.45,6,rl,10
E3,242767.21,307317.41,16,rl,10
E4,271383.0,342836.02,17,rl,10
E5,67540.0,82039.36,0,rl,10
F0,8196.0,9178.92,0,rl,10
F1,34765.0,43442.77,0,rl,10
F2,24178.0,33791.13,0,rl,10
F3,70414.0,87352.92,0,rl,10
F4,121791.71,153770.17,7,rl,10
F5,13351.0,19543.88,0,rl,10
A0,106044.0,132707.98,13,rl,default
A1,327851.0,380324.4,100,rl,default
A2,342178.47,377102.41,76,rl,default
A4,279169.77,320167.64,73,rl,default
A5,52845.0,62825.05,2,rl,default
B0,367060.15,446377.23,146,rl,default
B1,801834.1,926419.05,226,rl,default
B2,725308.13,797716.97,203,rl,default
B4,481748.57,529351.85,137,rl,default
B5,402528.0,453543.8,93,rl,default
C0,142312.08,183404.98,0,rl,default
C1,369788.76,477730.6,51,rl,default
C2,382702.69,468612.03,81,rl,default
C3,164395.0,211109.97,6,rl,default
C4,456226.0,539157.82,88,rl,default
C5,236461.81,284723.56,73,rl,default
D0,86952.0,111012.45,0,rl,default
D1,212476.0,271249.56,0,rl,default
D2,231495.0,293991.24,12,rl,default
D3,307721.83,385783.88,24,rl,default
D4,299599.58,373511.8,33,rl,default
D5,72156.0,91799.45,0,rl,default
E0,22968.0,30108.11,0,rl,default
E1,91686.02,117301.61,0,rl,default
E2,183210.71,228609.43,2,rl,default
E3,212079.95,266265.96,9,rl,default
E4,194385.75,244947.68,2,rl,default
E5,41134.0,49939.01,0,rl,default
F0,6018.0,6670.78,0,rl,default
F1,28266.0,35549.61,0,rl,default
F2,14865.0,21852.5,0,rl,default
F3,57028.0,70283.54,0,rl,default
F4,77582.0,97538.89,5,rl,default
F5,6733.0,9980.210000000001,0,rl,default
A0,99539.92,127508.47,25,fixed,01
A1,339353.58,387470.75,95,fixed,01
A2,336253.23,370263.27,88,fixed,01
A4,297865.0,339802.3,85,fixed,01
A5,106917.0,125022.32,18,fixed,01
B0,380134.8,463205.69,139,fixed,01
B1,855222.7,978458.37,254,fixed,01
B2,729991.24,797056.84,225,fixed,01
B4,482646.33,526539.06,140,fixed,01
B5,430203.0,486417.3,112,fixed,01
C0,165796.09,215626.63,0,fixed,01
C1,424313.13,544001.39,81,fixed,01
C2,483802.46,586885.2,106,fixed,01
C3,290446.14,358050.52,29,fixed,01
C4,502740.04,594449.93,96,fixed,01
C5,230085.0,279634.89,73,fixed,01
D0,90375.99,116054.68,0,fixed,01
D1,229504.61,292322.86,4,fixed,01
D2,253627.0,326090.53,27,fixed,01
D3,374181.34,470608.12,62,fixed,01
D4,405945.27,503469.36,58,fixed,01
D5,85340.0,110618.73,0,fixed,01
E0,26038.0,34283.01,0,fixed,01
E1,95512.0,122538.71,0,fixed,01
E2,200861.0,250828.95,5,fixed,01
E3,263899.71,329400.27,10,fixed,01
E4,271091.0,344369.11,19,fixed,01
E5,63866.0,77803.6,0,fixed,01
F0,8137.0,9113.92,0,fixed,01
F1,35254.0,43421.05,0,fixed,01
F2,21794.0,30772.6,0,fixed,01
F3,74829.0,91725.82,0,fixed,01
F4,130155.3,164767.93,12,fixed,01
F5,13574.0,19766.89,0,fixed,01
A0,85852.0,111843.36,15,fixed,02
A1,334234.87,385450.77,95,fixed,02
A2,323092.91,356164.65,81,fixed,02
A4,322870.2,369266.52,96,fixed,02
A5,94476.0,110633.25,8,fixed,02
B0,351306.9,428161.17,130,fixed,02
B1,743252.74,851242.73,226,fixed,02
B2,702367.73,767708.59,219,fixed,02
B4,557457.56,606268.01,157,fixed,02
B5,413649.0,466202.77,100,fixed,02
C0,172408.0,223787.36,3,fixed,02
C1,415822.4,534799.63,83,fixed,02
C2,465131.79,567923.79,98,fixed,02
C3,285104.0,356868.92,32,fixed,02
C4,536620.0,631323.79,94,fixed,02
C5,253298.0,307441.14,71,fixed,02
D0,86712.0,110537.02,0,fixed,02
D1,232398.84,297787.93,5,fixed,02
D2,248705.0,319261.18,20,fixed,02
D3,389407.0,488884.99,77,fixed,02
D4,473796.46,590965.1,97,fixed,02
D5,139698.0,179187.09,7,fixed,02
E0,25773.0,33368.69,0,fixed,02
E1,100502.68,129309.12,0,fixed,02
E2,205240.0,256017.8,6,fixed,02
E3,258973.0,326758.05,16,fixed,02
E4,295788.84,377099.24,20,fixed,02
E5,87742.0,106182.48,1,fixed,02
F0,8233.0,9188.96,0,fixed,02
F1,37737.0,46798.14,0,fixed,02
F2,23520.0,33245.05,0,fixed,02
F3,72463.0,89529.06,0,fixed,02
F4,135646.0,172454.2,12,fixed,02
F5,16557.0,24872.72,0,fixed,02
A0,93917.58,119670.78,9,fixed,03
A1,320994.43,372847.14,88,fixed,03
A2,338448.59,367850.29,84,fixed,03
A4,299145.2,341238.65,93,fixed,03
A5,76840.0,90365.38,4,fixed,03
B0,356808.0,435507.44,133,fixed,03
B1,754268.22,871061.5,212,fixed,03
B2,672392.0,738406.33,216,fixed,03
B4,504978.31,554510.97,149,fixed,03
B5,395702.0,445325.89,99,fixed,03
C0,142291.0,184593.71,0,fixed,03
C1,358151.16,462397.95,65,fixed,03
C2,430366.41,528482.92,94,fixed,03
C3,284378.0,355340.31,23,fixed,03
C4,537989.0,632382.04,91,fixed,03
C5,237154.0,288724.5,70,fixed,03
D0,92401.0,118622.95,0,fixed,03
D1,234380.04,299337.45,0,fixed,03
D2,246697.0,315209.44,15,fixed,03
D3,370310.0,466670.93,54,fixed,03
D4,430826.74,528102.49,82,fixed,03
D5,108658.0,138938.78,0,fixed,03
E0,24008.0,31417.75,0,fixed,03
E1,92245.0,118605.72,0,fixed,03
E2,209508.0,260195.26,8,fixed,03
E3,268175.6,334139.74,13,fixed,03
E4,267701.07,338806.48,20,fixed,03
E5,74724.0,90760.03,0,fixed,03
F0,7512.0,8366.26,0,fixed,03
F1,35100.0,43941.01,0,fixed,03
F2,22899.0,32458.63,0,fixed,03
F3,77084.0,94378.66,0,fixed,03
F4,131337.0,166805.41,14,fixed,03
F5,14661.0,21471.7,0,fixed,03
A0,102639.0,129395.63,12,fixed,04
A1,305766.14,356496.23,97,fixed,04
A2,330859.0,359897.14,72,fixed,04
A4,303966.0,345393.91,88,fixed,04
A5,54775.0,65488.55,3,fixed,04
B0,354625.86,429815.22,143,fixed,04
B1,788356.97,903896.46,209,fixed,04
B2,749214.0,819545.44,226,fixed,04
B4,510989.84,560614.41,144,fixed,04
B5,364910.0,415295.89,81,fixed,04
C0,153795.0,201047.9,1,fixed,04
C1,390151.54,502888.96,72,fixed,04
C2,476119.67,578669.02,102,fixed,04
C3,263413.0,328038.74,30,fixed,04
C4,514324.0,608826.6,96,fixed,04
C5,240765.0,291743.58,72,fixed,04
D0,95022.0,120830.48,0,fixed,04
D1,225482.75,288940.25,2,fixed,04
D2,249652.93,322517.97,22,fixed,04
D3,371306.82,466942.75,49,fixed,04
D4,402501.76,502237.43,68,fixed,04
D5,118675.0,150446.64,1,fixed,04
E0,26197.0,34388.72,0,fixed,04
E1,96219.2,123203.56,0,fixed,04
E2,189697.0,237314.42,5,fixed,04
E3,246782.0,312893.76,13,fixed,04
E4,287977.04,362839.31,16,fixed,04
E5,70132.0,83630.45,0,fixed,04
F0,8113.0,9058.03,0,fixed,04
F1,31935.0,39588.73,0,fixed,04
F2,22075.0,30961.76,0,fixed,04
F3,78645.0,96965.77,0,fixed,04
F4,123154.0,156089.88,17,fixed,04
F5,16133.0,23008.0,1,fixed,04
A0,84595.12,106603.1,9,fixed,05
A1,339941.3,394318.04,100,fixed,05
A2,344740.47,377834.88,84,fixed,05
A4,330272.68,371125.35,98,fixed,05
A5,122837.0,138563.67,13,fixed,05
B0,362523.93,440133.45,133,fixed,05
B1,768007.3,885518.65,234,fixed,05
B2,711362.0,775818.77,212,fixed,05
B4,490345.89,540031.86,145,fixed,05
B5,428224.0,482330.93,109,fixed,05
C0,157451.64,204453.13999999998,0,fixed,05
C1,380624.87,486855.01,70,fixed,05
C2,461835.2,563049.41,94,fixed,05
C3,265922.0,329943.99,26,fixed,05
C4,502755.83,597222.52,96,fixed,05
C5,248902.11,302532.51,72,fixed,05
D0,88346.94,112544.88,0,fixed,05
D1,224083.32,285965.15,2,fixed,05
D2,246790.0,317345.74,19,fixed,05
D3,352261.31,439574.46,47,fixed,05
D4,406011.52,500228.33,67,fixed,05
D5,104857.0,136406.59,2,fixed,05
E0,24890.0,32459.31,0,fixed,05
E1,97346.18,124765.99,0,fixed,05
E2,196086.0,243524.24,6,fixed,05
E3,247888.0,308014.66,16,fixed,05
E4,272744.0,343820.07,18,fixed,05
E5,70104.83,85866.14,0,fixed,05
F0,7480.0,8310.82,0,fixed,05
F1,34827.0,43451.47,0,fixed,05
F2,18307.0,26860.35,0,fixed,05
F3,78621.0,96515.53,0,fixed,05
F4,126965.0,162303.55,10,fixed,05
F5,11036.0,17004.68,0,fixed,05
A0,92222.0,116688.19,10,fixed,06
A1,329558.6,380788.16,101,fixed,06
A2,313047.63,343746.61,72,fixed,06
A4,291690.0,333198.22,81,fixed,06
A5,42530.0,50877.61,0,fixed,06
B0,348203.0,422908.92,143,fixed,06
B1,731261.11,842896.92,201,fixed,06
B2,679341.46,744307.26,209,fixed,06
B4,500522.89,551517.06,140,fixed,06
B5,431248.0,486334.83,87,fixed,06
C0,142962.0,183445.23,1,fixed,06
C1,361118.57,463746.97,57,fixed,06
C2,417585.44,511806.92,91,fixed,06
C3,231704.0,292338.21,16,fixed,06
C4,493274.0,587851.3,94,fixed,06
C5,244631.0,296978.2,71,fixed,06
D0,87394.0,111024.3,0,fixed,06
D1,217535.37,278406.71,3,fixed,06
D2,230696.94,294255.97,12,fixed,06
D3,332852.0,418998.44,39,fixed,06
D4,361508.66,452392.06,46,fixed,06
D5,83190.0,107361.29000000001,1,fixed,06
E0,21573.0,28581.34,0,fixed,06
E1,88085.75,112774.3,0,fixed,06
E2,184867.0,230249.03,2,fixed,06
E3,229223.0,288898.92,16,fixed,06
E4,247399.78,315416.83,6,fixed,06
E5,56459.0,68285.55,0,fixed,06
F0,6593.0,7394.79,0,fixed,06
F1,30917.0,38759.47,0,fixed,06
F2,19003.0,27061.55,0,fixed,06
F3,63745.0,77577.31,0,fixed,06
F4,105055.0,132804.57,8,fixed,06
F5,10165.0,14687.64,0,fixed,06
A0,89087.49,117052.75,11,fixed,07
A1,338082.35,392013.17,101,fixed,07
A2,352592.0,386099.74,77,fixed,07
A4,294070.0,338343.24,82,fixed,07
A5,57052.0,69712.08,4,fixed,07
B0,383277.68,464424.06,140,fixed,07
B1,827650.85,950445.62,237,fixed,07
B2,695243.79,758331.68,218,fixed,07
B4,469577.51,521840.37,132,fixed,07
B5,381745.0,431112.36,82,fixed,07
C0,161290.0,208443.71,1,fixed,07
C1,395113.07,508671.98,82,fixed,07
C2,451963.65,551419.13,95,fixed,07
C3,236526.0,300986.98,15,fixed,07
C4,520562.27,613195.92,85,fixed,07
C5,234435.03,283906.13,72,fixed,07
D0,91880.0,117221.47,0,fixed,07
D1,222251.98,284213.81,3,fixed,07
D2,240797.0,307151.96,17,fixed,07
D3,367360.03,460575.09,54,fixed,07
D4,407527.5,506057.22,64,fixed,07
D5,86896.0,112406.21,0,fixed,07
E0,25729.0,33616.71,0,fixed,07
E1,94743.0,121500.83,0,fixed,07
E2,197700.0,246967.68,5,fixed,07
E3,253406.0,317032.45,13,fixed,07
E4,272081.66,342440.66,21,fixed,07
E5,69158.0,82694.32,0,fixed,07
F0,8857.0,9924.2,0,fixed,07
F1,33383.0,41467.14,0,fixed,07
F2,20763.0,29961.67,0,fixed,07
F3,71951.0,88458.33,0,fixed,07
F4,122790.0,155935.02,13,fixed,07
F5,12349.0,18218.71,0,fixed,07
A0,98345.6,123902.28,15,fixed,08
A1,352515.39,406686.77,111,fixed,08
A2,344606.92,377558.95,85,fixed,08
A4,295887.39,337782.01,87,fixed,08
A5,78632.0,93765.32,2,fixed,08
B0,365366.98,442394.76,141,fixed,08
B1,819778.55,941968.26,221,fixed,08
B2,683995.03,748487.15,197,fixed,08
B4,476903.09,524555.61,137,fixed,08
B5,399655.0,450639.35,88,fixed,08
C0,150352.0,194018.15,0,fixed,08
C1,381108.34,492178.51,63,fixed,08
C2,414346.45,504749.01,83,fixed,08
C3,208465.4,262957.87,19,fixed,08
C4,495573.0,581512.51,85,fixed,08
C5,239019.53,289575.08,72,fixed,08
D0,86458.15,109557.44,0,fixed,08
D1,221882.36,285601.77,2,fixed,08
D2,230998.0,293936.17,23,fixed,08
D3,351577.14,440412.28,48,fixed,08
D4,383313.77,476608.19,61,fixed,08
D5,85648.0,111384.64,1,fixed,08
E0,24291.0,31815.98,0,fixed,08
E1,92655.13,118700.14,0,fixed,08
E2,185628.0,231239.44,4,fixed,08
E3,236058.0,296918.18,20,fixed,08
E4,259321.0,326854.25,13,fixed,08
E5,66220.81,79249.43,0,fixed,08
F0,8347.0,9318.6,0,fixed,08
F1,29955.0,37398.21,0,fixed,08
F2,16446.0,24209.04,0,fixed,08
F3,61196.0,75563.07,0,fixed,08
F4,108451.0,138511.84,7,fixed,08
F5,10679.0,15719.97,0,fixed,08
A0,96403.0,121738.61,13,fixed,09
A1,293458.14,337802.07,96,fixed,09
A2,321994.0,349995.21,73,fixed,09
A4,263701.92,303921.4,73,fixed,09
A5,35230.0,44381.21,1,fixed,09
B0,361986.35,440076.09,147,fixed,09
B1,782721.25,896340.86,224,fixed,09
B2,748772.23,819620.38,246,fixed,09
B4,486997.5,536781.8,144,fixed,09
B5,407880.0,464096.58,81,fixed,09
C0,154190.0,199413.38,3,fixed,09
C1,373090.3,480661.45,63,fixed,09
C2,464407.13,563351.5,96,fixed,09
C3,289728.0,362227.31,30,fixed,09
C4,516248.56,610877.3,89,fixed,09
C5,249497.0,300382.62,70,fixed,09
D0,86946.0,111739.7,0,fixed,09
D1,228066.88,291038.61,1,fixed,09
D2,251965.0,319667.96,22,fixed,09
D3,371005.13,462799.06,54,fixed,09
D4,416768.79,515791.58,74,fixed,09
D5,113633.0,145105.48,2,fixed,09
E0,25048.0,32366.82,0,fixed,09
E1,92221.0,119018.12,0,fixed,09
E2,200023.21,249750.79,8,fixed,09
E3,244361.49,305294.47,15,fixed,09
E4,245566.42,312072.61,13,fixed,09
E5,66766.0,81233.81,0,fixed,09
F0,7891.0,8677.07,0,fixed,09
F1,34168.0,42322.85,0,fixed,09
F2,21989.0,31265.31,0,fixed,09
F3,68719.0,85196.74,2,fixed,09
F4,121631.0,153426.14,16,fixed,09
F5,11080.0,16358.74,0,fixed,09
A0,97665.0,124119.85,8,fixed,10
A1,310619.23,358181.86,95,fixed,10
A2,357270.0,391025.45,80,fixed,10
A4,282539.0,328505.58,82,fixed,10
A5,56576.0,67154.37,0,fixed,10
B0,352091.91,426452.4,144,fixed,10
B1,724239.6,841144.9,198,fixed,10
B2,704995.0,774345.26,217,fixed,10
B4,477413.68,523940.89,135,fixed,10
B5,430460.0,483794.25,84,fixed,10
C0,149524.33,191628.38,0,fixed,10
C1,371513.41,482404.01,60,fixed,10
C2,448974.89,550945.6,92,fixed,10
C3,274046.0,342967.83,20,fixed,10
C4,526781.7,623492.63,99,fixed,10
C5,249397.16,302579.78,70,fixed,10
D0,91783.82,118239.96,0,fixed,10
D1,231992.37,296862.99,1,fixed,10
D2,240746.92,310003.51,13,fixed,10
D3,364695.19,458977.38,53,fixed,10
D4,411332.48,508703.71,63,fixed,10
D5,92544.0,119509.55,0,fixed,10
E0,25719.0,33722.2,0,fixed,10
E1,94551.91,120960.53,0,fixed,10
E2,196175.0,244835.08,5,fixed,10
E3,244054.0,307237.43,8,fixed,10
E4,284011.4,357503.95,20,fixed,10
E5,59835.0,73481.43000000001,0,fixed,10
F0,8136.0,9084.15,0,fixed,10
F1,33983.0,41936.49,0,fixed,10
F2,22533.0,31951.84,0,fixed,10
F3,74701.0,91693.1,0,fixed,10
F4,120488.63,153946.24,7,fixed,10
F5,12871.0,19741.53,0,fixed,10
A0,93825.64,118166.09,8,fixed,default
A1,311798.0,362802.14,93,fixed,default
A2,290206.0,320618.06,71,fixed,default
A4,293084.21,334427.63,75,fixed,default
A5,59322.0,73828.21,7,fixed,default
B0,361705.74,439875.49,138,fixed,default
B1,760512.29,879707.68,226,fixed,default
B2,722457.61,789863.96,226,fixed,default
B4,540998.02,589142.42,147,fixed,default
B5,397274.0,445029.3,83,fixed,default
C0,161053.83,209658.55,0,fixed,default
C1,390667.51,508013.76,66,fixed,default
C2,470138.09,569929.09,91,fixed,default
C3,265151.09,328046.51,24,fixed,default
C4,535936.0,624083.95,91,fixed,default
C5,247358.0,298416.03,72,fixed,default
D0,90916.0,116294.77,0,fixed,default
D1,234588.34,300533.77,4,fixed,default
D2,234828.0,301116.93,20,fixed,default
D3,343030.85,431532.58,51,fixed,default
D4,409003.16,506742.1,63,fixed,default
D5,111471.0,142795.49,1,fixed,default
E0,25663.0,33639.58,0,fixed,default
E1,96237.01,123104.71,0,fixed,default
E2,200409.0,249311.19,7,fixed,default
E3,241507.0,305993.28,7,fixed,default
E4,276531.0,352229.69,18,fixed,default
E5,69707.0,85288.26,0,fixed,default
F0,7626.0,8559.08,0,fixed,default
F1,32963.0,41186.14,0,fixed,default
F2,19154.0,27929.73,0,fixed,default
F3,74867.0,91498.68,1,fixed,default
F4,119627.0,154281.2,11,fixed,default
F5,12017.0,18037.12,0,fixed,default
