checkpoint, Throughput, Average duration
rl_traffic_model_524288_steps.zip, 8077.00, 695.80
rl_traffic_model_528384_steps.zip, 8123.00, 668.40
rl_traffic_model_532480_steps.zip, 8236.00, 645.50
rl_traffic_model_536576_steps.zip, 8407.00, 621.10
rl_traffic_model_540672_steps.zip, 8038.00, 670.60
rl_traffic_model_544768_steps.zip, 7897.00, 725.40
rl_traffic_model_548864_steps.zip, 7897.00, 725.40
rl_traffic_model_552960_steps.zip, 8324.00, 611.30
rl_traffic_model_557056_steps.zip, 8302.00, 638.90
rl_traffic_model_561152_steps.zip, 8303.00, 643.60
rl_traffic_model_565248_steps.zip, 8355.00, 636.30
rl_traffic_model_569344_steps.zip, 8365.00, 613.30
rl_traffic_model_573440_steps.zip, 8396.00, 644.90
rl_traffic_model_577536_steps.zip, 7881.00, 667.50
rl_traffic_model_581632_steps.zip, 8191.00, 655.10
rl_traffic_model_585728_steps.zip, 8385.00, 640.30
rl_traffic_model_589824_steps.zip, 8385.00, 640.30
rl_traffic_model_593920_steps.zip, 8155.00, 655.90
rl_traffic_model_598016_steps.zip, 8352.00, 644.30
rl_traffic_model_602112_steps.zip, 8275.00, 643.50
rl_traffic_model_606208_steps.zip, 8232.00, 647.00
rl_traffic_model_610304_steps.zip, 8116.00, 653.30
rl_traffic_model_614400_steps.zip, 7925.00, 688.80
rl_traffic_model_618496_steps.zip, 8507.00, 596.00
rl_traffic_model_622592_steps.zip, 8289.00, 637.50
rl_traffic_model_626688_steps.zip, 8348.00, 631.10
rl_traffic_model_630784_steps.zip, 8348.00, 631.10
rl_traffic_model_634880_steps.zip, 8300.00, 640.60
rl_traffic_model_638976_steps.zip, 8007.00, 662.20
rl_traffic_model_643072_steps.zip, 8318.00, 656.50
rl_traffic_model_647168_steps.zip, 8259.00, 648.70
rl_traffic_model_651264_steps.zip, 8278.00, 645.30
rl_traffic_model_655360_steps.zip, 8278.00, 645.30
rl_traffic_model_667648_steps.zip, 8359.00, 623.20
rl_traffic_model_671744_steps.zip, 8359.00, 623.20
rl_traffic_model_675840_steps.zip, 8327.00, 643.10
rl_traffic_model_679936_steps.zip, 8391.00, 612.10
rl_traffic_model_684032_steps.zip, 8307.00, 651.50
rl_traffic_model_688128_steps.zip, 8209.00, 655.80
rl_traffic_model_692224_steps.zip, 8259.00, 662.10
rl_traffic_model_696320_steps.zip, 8259.00, 662.10
rl_traffic_model_700416_steps.zip, 8318.00, 645.00
rl_traffic_model_704512_steps.zip, 8271.00, 646.50
rl_traffic_model_708608_steps.zip, 8323.00, 635.50
rl_traffic_model_712704_steps.zip, 8259.00, 639.40
rl_traffic_model_716800_steps.zip, 8366.00, 632.00
rl_traffic_model_720896_steps.zip, 8193.00, 653.40
rl_traffic_model_724992_steps.zip, 8238.00, 666.20
rl_traffic_model_729088_steps.zip, 8336.00, 625.20
rl_traffic_model_733184_steps.zip, 8237.00, 667.20
rl_traffic_model_737280_steps.zip, 8301.00, 641.20
rl_traffic_model_741376_steps.zip, 8415.00, 621.80
rl_traffic_model_745472_steps.zip, 8235.00, 663.40
rl_traffic_model_749568_steps.zip, 8235.00, 663.40
rl_traffic_model_753664_steps.zip, 8386.00, 627.40
rl_traffic_model_757760_steps.zip, 8353.00, 622.80
rl_traffic_model_761856_steps.zip, 8386.00, 644.00
rl_traffic_model_765952_steps.zip, 8247.00, 645.80
rl_traffic_model_770048_steps.zip, 8213.00, 672.00
rl_traffic_model_774144_steps.zip, 8264.00, 629.90
rl_traffic_model_778240_steps.zip, 8274.00, 660.00
rl_traffic_model_782336_steps.zip, 8324.00, 662.70
rl_traffic_model_786432_steps.zip, 8383.00, 608.40
rl_traffic_model_790528_steps.zip, 8312.00, 645.50
rl_traffic_model_794624_steps.zip, 8214.00, 643.40
rl_traffic_model_798720_steps.zip, 8301.00, 640.00
rl_traffic_model_802816_steps.zip, 8301.00, 640.00
rl_traffic_model_806912_steps.zip, 8474.00, 633.10
rl_traffic_model_811008_steps.zip, 8193.00, 667.10
rl_traffic_model_815104_steps.zip, 8402.00, 637.40
rl_traffic_model_819200_steps.zip, 8377.00, 645.30
rl_traffic_model_823296_steps.zip, 8393.00, 634.80
rl_traffic_model_827392_steps.zip, 8411.00, 632.70
rl_traffic_model_831488_steps.zip, 8431.00, 640.40
rl_traffic_model_835584_steps.zip, 8118.00, 674.00
rl_traffic_model_839680_steps.zip, 8450.00, 622.90
rl_traffic_model_843776_steps.zip, 8398.00, 635.60
rl_traffic_model_847872_steps.zip, 8310.00, 627.80
rl_traffic_model_851968_steps.zip, 8393.00, 637.40
rl_traffic_model_856064_steps.zip, 8335.00, 655.70
rl_traffic_model_860160_steps.zip, 8165.00, 696.90
rl_traffic_model_864256_steps.zip, 8273.00, 676.10
rl_traffic_model_868352_steps.zip, 8283.00, 642.00
rl_traffic_model_872448_steps.zip, 8181.00, 657.00
rl_traffic_model_876544_steps.zip, 8384.00, 617.80
rl_traffic_model_880640_steps.zip, 8334.00, 626.50
rl_traffic_model_884736_steps.zip, 8055.00, 674.20
rl_traffic_model_888832_steps.zip, 8037.00, 683.00
rl_traffic_model_892928_steps.zip, 7913.00, 708.40
rl_traffic_model_897024_steps.zip, 7913.00, 708.40
rl_traffic_model_901120_steps.zip, 8383.00, 631.00
rl_traffic_model_905216_steps.zip, 8242.00, 650.00
rl_traffic_model_909312_steps.zip, 8409.00, 629.50
rl_traffic_model_913408_steps.zip, 8437.00, 637.00
rl_traffic_model_917504_steps.zip, 8315.00, 654.80
rl_traffic_model_921600_steps.zip, 8430.00, 623.40
rl_traffic_model_925696_steps.zip, 8409.00, 648.20
rl_traffic_model_929792_steps.zip, 8314.00, 645.80
rl_traffic_model_933888_steps.zip, 8425.00, 639.00
rl_traffic_model_937984_steps.zip, 8410.00, 641.20
rl_traffic_model_942080_steps.zip, 8387.00, 645.40
rl_traffic_model_946176_steps.zip, 8033.00, 685.90
rl_traffic_model_950272_steps.zip, 8139.00, 675.30
rl_traffic_model_954368_steps.zip, 8531.00, 591.80
rl_traffic_model_958464_steps.zip, 8286.00, 642.60
rl_traffic_model_962560_steps.zip, 8121.00, 683.30
rl_traffic_model_966656_steps.zip, 8177.00, 681.90
rl_traffic_model_970752_steps.zip, 8353.00, 641.10
rl_traffic_model_974848_steps.zip, 8269.00, 637.50
rl_traffic_model_978944_steps.zip, 8302.00, 648.50
rl_traffic_model_983040_steps.zip, 8302.00, 648.50
rl_traffic_model_987136_steps.zip, 8299.00, 636.50
rl_traffic_model_991232_steps.zip, 8372.00, 649.00
rl_traffic_model_995328_steps.zip, 8389.00, 643.80
rl_traffic_model_999424_steps.zip, 8161.00, 660.50
rl_traffic_model_1003520_steps.zip, 8199.00, 661.00
rl_traffic_model_1007616_steps.zip, 8298.00, 654.50
rl_traffic_model_1011712_steps.zip, 8258.00, 656.50
rl_traffic_model_1015808_steps.zip, 8337.00, 628.60
rl_traffic_model_1019904_steps.zip, 8386.00, 629.60
rl_traffic_model_1024000_steps.zip, 8452.00, 623.00
rl_traffic_model_1028096_steps.zip, 8224.00, 625.50
rl_traffic_model_1032192_steps.zip, 8174.00, 663.80
rl_traffic_model_1036288_steps.zip, 8291.00, 633.80
rl_traffic_model_1040384_steps.zip, 8319.00, 645.30
rl_traffic_model_1044480_steps.zip, 8287.00, 626.00
rl_traffic_model_1048576_steps.zip, 8270.00, 644.50
rl_traffic_model_1052672_steps.zip, 8377.00, 652.10
rl_traffic_model_1056768_steps.zip, 8320.00, 634.80
rl_traffic_model_1060864_steps.zip, 8486.00, 608.60
rl_traffic_model_1064960_steps.zip, 8280.00, 655.20
rl_traffic_model_1069056_steps.zip, 8282.00, 629.50
rl_traffic_model_1073152_steps.zip, 8260.00, 659.00
rl_traffic_model_1077248_steps.zip, 8565.00, 600.20
rl_traffic_model_1081344_steps.zip, 8356.00, 636.60
rl_traffic_model_1085440_steps.zip, 8529.00, 598.90
rl_traffic_model_1089536_steps.zip, 8427.00, 619.00
rl_traffic_model_1093632_steps.zip, 8427.00, 619.00
rl_traffic_model_1097728_steps.zip, 8267.00, 659.30
rl_traffic_model_1101824_steps.zip, 8249.00, 647.50
rl_traffic_model_1105920_steps.zip, 8363.00, 645.10
rl_traffic_model_1110016_steps.zip, 8421.00, 621.10
rl_traffic_model_1114112_steps.zip, 8427.00, 633.50
rl_traffic_model_1118208_steps.zip, 8300.00, 649.00
rl_traffic_model_1122304_steps.zip, 8217.00, 679.20
rl_traffic_model_1126400_steps.zip, 8461.00, 633.00
rl_traffic_model_1130496_steps.zip, 8580.00, 610.60
rl_traffic_model_1134592_steps.zip, 8406.00, 619.00
rl_traffic_model_1138688_steps.zip, 8230.00, 676.00
rl_traffic_model_1142784_steps.zip, 8119.00, 677.40
rl_traffic_model_1146880_steps.zip, 8409.00, 630.80
rl_traffic_model_1150976_steps.zip, 8086.00, 708.20
rl_traffic_model_1155072_steps.zip, 8340.00, 648.30
rl_traffic_model_1159168_steps.zip, 8316.00, 641.40
rl_traffic_model_1163264_steps.zip, 8350.00, 640.60
rl_traffic_model_1167360_steps.zip, 8407.00, 654.00
rl_traffic_model_1171456_steps.zip, 8407.00, 654.00
rl_traffic_model_1175552_steps.zip, 8239.00, 663.20
rl_traffic_model_1179648_steps.zip, 8195.00, 663.10
rl_traffic_model_1183744_steps.zip, 8527.00, 606.50
rl_traffic_model_1187840_steps.zip, 8459.00, 648.40
rl_traffic_model_1191936_steps.zip, 8040.00, 703.90
rl_traffic_model_1196032_steps.zip, 8374.00, 622.20
rl_traffic_model_1200128_steps.zip, 8248.00, 675.90
rl_traffic_model_1204224_steps.zip, 8248.00, 675.90
rl_traffic_model_1208320_steps.zip, 8522.00, 610.50
rl_traffic_model_1212416_steps.zip, 8439.00, 632.80
rl_traffic_model_1216512_steps.zip, 8249.00, 650.60
rl_traffic_model_1220608_steps.zip, 8283.00, 643.20
rl_traffic_model_1224704_steps.zip, 8447.00, 645.20
rl_traffic_model_1228800_steps.zip, 8455.00, 620.40
rl_traffic_model_1232896_steps.zip, 8340.00, 667.20
rl_traffic_model_1236992_steps.zip, 8474.00, 622.10
rl_traffic_model_1241088_steps.zip, 8381.00, 649.00
rl_traffic_model_1245184_steps.zip, 8324.00, 680.20
rl_traffic_model_1249280_steps.zip, 8256.00, 683.80
rl_traffic_model_1253376_steps.zip, 8531.00, 641.60
rl_traffic_model_1257472_steps.zip, 8454.00, 617.40
rl_traffic_model_1261568_steps.zip, 8545.00, 599.10
rl_traffic_model_1265664_steps.zip, 8139.00, 666.80
rl_traffic_model_1269760_steps.zip, 8144.00, 692.50
rl_traffic_model_1273856_steps.zip, 8314.00, 632.10
rl_traffic_model_1277952_steps.zip, 8351.00, 624.50
rl_traffic_model_1282048_steps.zip, 8442.00, 643.90
rl_traffic_model_1286144_steps.zip, 8278.00, 647.00
rl_traffic_model_1290240_steps.zip, 8356.00, 642.60
rl_traffic_model_1294336_steps.zip, 8321.00, 640.20
rl_traffic_model_1298432_steps.zip, 8326.00, 650.20
rl_traffic_model_1302528_steps.zip, 8358.00, 628.20
rl_traffic_model_1306624_steps.zip, 8163.00, 656.30
rl_traffic_model_1310720_steps.zip, 8284.00, 643.70
rl_traffic_model_1314816_steps.zip, 8284.00, 643.70
rl_traffic_model_1318912_steps.zip, 8365.00, 638.00
rl_traffic_model_1323008_steps.zip, 8042.00, 678.80
rl_traffic_model_1327104_steps.zip, 8338.00, 611.80
rl_traffic_model_1331200_steps.zip, 8353.00, 620.30
rl_traffic_model_1335296_steps.zip, 8431.00, 624.30
rl_traffic_model_1339392_steps.zip, 8431.00, 624.30
rl_traffic_model_1343488_steps.zip, 8183.00, 681.20
rl_traffic_model_1347584_steps.zip, 8319.00, 628.00
rl_traffic_model_1351680_steps.zip, 8251.00, 645.00
rl_traffic_model_1355776_steps.zip, 8442.00, 632.60
rl_traffic_model_1359872_steps.zip, 8277.00, 650.50
rl_traffic_model_1363968_steps.zip, 8378.00, 621.90
rl_traffic_model_1368064_steps.zip, 8453.00, 637.40
rl_traffic_model_1372160_steps.zip, 8492.00, 623.00
rl_traffic_model_1376256_steps.zip, 8085.00, 689.10
rl_traffic_model_1380352_steps.zip, 8497.00, 614.60
rl_traffic_model_1384448_steps.zip, 8656.00, 593.80
rl_traffic_model_1388544_steps.zip, 8412.00, 621.40
rl_traffic_model_1392640_steps.zip, 8208.00, 663.90
rl_traffic_model_1396736_steps.zip, 8278.00, 648.00
rl_traffic_model_1400832_steps.zip, 8480.00, 627.90
rl_traffic_model_1404928_steps.zip, 8311.00, 662.00
rl_traffic_model_1409024_steps.zip, 8354.00, 646.80
rl_traffic_model_1413120_steps.zip, 8604.00, 598.50
rl_traffic_model_1417216_steps.zip, 8034.00, 677.20
rl_traffic_model_1421312_steps.zip, 8483.00, 619.00
rl_traffic_model_1425408_steps.zip, 8521.00, 595.10
rl_traffic_model_1429504_steps.zip, 8408.00, 628.40
rl_traffic_model_1433600_steps.zip, 8496.00, 623.10
rl_traffic_model_1437696_steps.zip, 8426.00, 623.60
rl_traffic_model_1441792_steps.zip, 8424.00, 621.70
rl_traffic_model_1445888_steps.zip, 8514.00, 612.60
rl_traffic_model_1449984_steps.zip, 8355.00, 635.00
rl_traffic_model_1454080_steps.zip, 8637.00, 583.50
rl_traffic_model_1458176_steps.zip, 8481.00, 626.80
rl_traffic_model_1462272_steps.zip, 8317.00, 666.60
rl_traffic_model_1466368_steps.zip, 8400.00, 643.50
rl_traffic_model_1470464_steps.zip, 8400.00, 643.50
rl_traffic_model_1474560_steps.zip, 8474.00, 616.90
rl_traffic_model_1478656_steps.zip, 8426.00, 612.40
rl_traffic_model_1482752_steps.zip, 8499.00, 615.90
rl_traffic_model_1486848_steps.zip, 8296.00, 634.00
rl_traffic_model_1490944_steps.zip, 8408.00, 629.40
rl_traffic_model_1495040_steps.zip, 8293.00, 629.50
rl_traffic_model_1499136_steps.zip, 8416.00, 636.80
rl_traffic_model_1503232_steps.zip, 8324.00, 642.20
rl_traffic_model_1507328_steps.zip, 8347.00, 634.90
rl_traffic_model_1511424_steps.zip, 8450.00, 603.60
rl_traffic_model_1515520_steps.zip, 8320.00, 638.80
rl_traffic_model_1519616_steps.zip, 8124.00, 652.10
rl_traffic_model_1523712_steps.zip, 8456.00, 610.80
rl_traffic_model_1527808_steps.zip, 8497.00, 616.30
rl_traffic_model_1531904_steps.zip, 8489.00, 614.40
rl_traffic_model_1536000_steps.zip, 8546.00, 596.90
rl_traffic_model_1540096_steps.zip, 8148.00, 680.60
rl_traffic_model_1544192_steps.zip, 8117.00, 680.60
rl_traffic_model_1548288_steps.zip, 8461.00, 616.40
rl_traffic_model_1552384_steps.zip, 8316.00, 639.60
rl_traffic_model_1556480_steps.zip, 8440.00, 611.20
rl_traffic_model_1560576_steps.zip, 8412.00, 624.20
rl_traffic_model_1564672_steps.zip, 8281.00, 657.60
rl_traffic_model_1568768_steps.zip, 8276.00, 657.50
rl_traffic_model_1572864_steps.zip, 8352.00, 642.60
rl_traffic_model_1576960_steps.zip, 8460.00, 624.00
rl_traffic_model_1581056_steps.zip, 8352.00, 645.60
rl_traffic_model_1585152_steps.zip, 8327.00, 651.20
rl_traffic_model_1589248_steps.zip, 8327.00, 651.20
rl_traffic_model_1593344_steps.zip, 8325.00, 633.40
rl_traffic_model_1597440_steps.zip, 8352.00, 636.10
rl_traffic_model_1601536_steps.zip, 8278.00, 631.90
rl_traffic_model_1605632_steps.zip, 8328.00, 630.00
rl_traffic_model_1609728_steps.zip, 8472.00, 626.70
rl_traffic_model_1613824_steps.zip, 8401.00, 616.60
rl_traffic_model_1617920_steps.zip, 8471.00, 594.00
rl_traffic_model_1622016_steps.zip, 7900.00, 716.40
rl_traffic_model_1626112_steps.zip, 8425.00, 625.20
rl_traffic_model_1630208_steps.zip, 8463.00, 628.10
rl_traffic_model_1634304_steps.zip, 7867.00, 708.10
rl_traffic_model_1638400_steps.zip, 8325.00, 632.40
rl_traffic_model_1642496_steps.zip, 8277.00, 649.50
rl_traffic_model_1646592_steps.zip, 8244.00, 648.00
rl_traffic_model_1650688_steps.zip, 8461.00, 642.00
rl_traffic_model_1654784_steps.zip, 8347.00, 610.20
rl_traffic_model_1658880_steps.zip, 8419.00, 643.90
rl_traffic_model_1662976_steps.zip, 8137.00, 664.20
rl_traffic_model_1667072_steps.zip, 8366.00, 659.80
rl_traffic_model_1671168_steps.zip, 8442.00, 611.10
rl_traffic_model_1675264_steps.zip, 8382.00, 643.40
rl_traffic_model_1679360_steps.zip, 8591.00, 612.80
rl_traffic_model_1683456_steps.zip, 8185.00, 683.60
rl_traffic_model_1687552_steps.zip, 8452.00, 612.40
rl_traffic_model_1691648_steps.zip, 8474.00, 625.60
rl_traffic_model_1695744_steps.zip, 8424.00, 639.40
rl_traffic_model_1699840_steps.zip, 8555.00, 598.40
rl_traffic_model_1703936_steps.zip, 8524.00, 586.60
rl_traffic_model_1708032_steps.zip, 8428.00, 624.80
rl_traffic_model_1712128_steps.zip, 8530.00, 600.00
rl_traffic_model_1716224_steps.zip, 8158.00, 708.00
rl_traffic_model_1720320_steps.zip, 8519.00, 620.40
rl_traffic_model_1724416_steps.zip, 8628.00, 595.30
rl_traffic_model_1728512_steps.zip, 8520.00, 614.60
rl_traffic_model_1732608_steps.zip, 8372.00, 639.20
rl_traffic_model_1736704_steps.zip, 8271.00, 669.90
rl_traffic_model_1740800_steps.zip, 8271.00, 669.90
rl_traffic_model_1744896_steps.zip, 8486.00, 618.80
rl_traffic_model_1748992_steps.zip, 8486.00, 638.90
rl_traffic_model_1753088_steps.zip, 8514.00, 628.60
rl_traffic_model_1757184_steps.zip, 8352.00, 638.90
rl_traffic_model_1761280_steps.zip, 8652.00, 613.00
rl_traffic_model_1765376_steps.zip, 8362.00, 628.40
rl_traffic_model_1769472_steps.zip, 8350.00, 627.80
rl_traffic_model_1773568_steps.zip, 8380.00, 617.90
rl_traffic_model_1777664_steps.zip, 8423.00, 625.60
rl_traffic_model_1781760_steps.zip, 8474.00, 616.00
rl_traffic_model_1785856_steps.zip, 8627.00, 593.00
rl_traffic_model_1789952_steps.zip, 8381.00, 642.60
rl_traffic_model_1794048_steps.zip, 8473.00, 606.70
rl_traffic_model_1798144_steps.zip, 8441.00, 595.90
rl_traffic_model_1802240_steps.zip, 8638.00, 591.90
rl_traffic_model_1806336_steps.zip, 8555.00, 594.30
rl_traffic_model_1810432_steps.zip, 8532.00, 591.90
rl_traffic_model_1814528_steps.zip, 8529.00, 623.20
rl_traffic_model_1818624_steps.zip, 8162.00, 650.50
rl_traffic_model_1822720_steps.zip, 8627.00, 609.60
rl_traffic_model_1826816_steps.zip, 8597.00, 601.60
rl_traffic_model_1830912_steps.zip, 8404.00, 628.40
rl_traffic_model_1835008_steps.zip, 8389.00, 638.90
rl_traffic_model_1839104_steps.zip, 8542.00, 615.90
rl_traffic_model_1843200_steps.zip, 8550.00, 603.70
rl_traffic_model_1847296_steps.zip, 8278.00, 670.90
rl_traffic_model_1851392_steps.zip, 8260.00, 639.80
rl_traffic_model_1855488_steps.zip, 8364.00, 628.50
rl_traffic_model_1859584_steps.zip, 8466.00, 637.10
rl_traffic_model_1863680_steps.zip, 8451.00, 626.80
rl_traffic_model_1867776_steps.zip, 8507.00, 604.40
rl_traffic_model_1871872_steps.zip, 8479.00, 600.50
rl_traffic_model_1875968_steps.zip, 8531.00, 604.20
rl_traffic_model_1880064_steps.zip, 8370.00, 616.90
rl_traffic_model_1884160_steps.zip, 8385.00, 637.60
rl_traffic_model_1888256_steps.zip, 8476.00, 630.80
rl_traffic_model_1892352_steps.zip, 8476.00, 630.80
rl_traffic_model_1896448_steps.zip, 8466.00, 638.50
rl_traffic_model_1900544_steps.zip, 8463.00, 601.60
rl_traffic_model_1904640_steps.zip, 8537.00, 619.10
rl_traffic_model_1908736_steps.zip, 8472.00, 606.00
rl_traffic_model_1912832_steps.zip, 8496.00, 582.10
rl_traffic_model_1916928_steps.zip, 8455.00, 610.00
rl_traffic_model_1921024_steps.zip, 8410.00, 628.30
rl_traffic_model_1925120_steps.zip, 8608.00, 595.60
rl_traffic_model_1929216_steps.zip, 8501.00, 618.30
rl_traffic_model_1933312_steps.zip, 8199.00, 669.80
rl_traffic_model_1937408_steps.zip, 8296.00, 636.10
rl_traffic_model_1941504_steps.zip, 8337.00, 664.30
rl_traffic_model_1945600_steps.zip, 8660.00, 577.50
rl_traffic_model_1949696_steps.zip, 8141.00, 686.10
rl_traffic_model_1953792_steps.zip, 8304.00, 632.90
rl_traffic_model_1957888_steps.zip, 8443.00, 629.10
rl_traffic_model_1961984_steps.zip, 8570.00, 593.20
rl_traffic_model_1966080_steps.zip, 8497.00, 614.40
rl_traffic_model_1970176_steps.zip, 8270.00, 657.80
rl_traffic_model_1974272_steps.zip, 8391.00, 618.50
rl_traffic_model_1978368_steps.zip, 8425.00, 609.50
rl_traffic_model_1982464_steps.zip, 8473.00, 608.60
rl_traffic_model_1986560_steps.zip, 8610.00, 585.40
rl_traffic_model_1990656_steps.zip, 8444.00, 632.50
rl_traffic_model_1994752_steps.zip, 8444.00, 614.30
rl_traffic_model_1998848_steps.zip, 8555.00, 601.80
rl_traffic_model_2002944_steps.zip, 8384.00, 625.50
rl_traffic_model_2007040_steps.zip, 8594.00, 589.90
rl_traffic_model_2011136_steps.zip, 8418.00, 602.00
rl_traffic_model_2015232_steps.zip, 8232.00, 653.40
rl_traffic_model_2019328_steps.zip, 8254.00, 645.30
rl_traffic_model_2023424_steps.zip, 8414.00, 611.30
rl_traffic_model_2027520_steps.zip, 8524.00, 614.90
rl_traffic_model_2031616_steps.zip, 8561.00, 609.70
rl_traffic_model_2035712_steps.zip, 8561.00, 609.70
rl_traffic_model_2039808_steps.zip, 8567.00, 597.00
rl_traffic_model_2043904_steps.zip, 8388.00, 656.30
rl_traffic_model_2048000_steps.zip, 8434.00, 608.10
rl_traffic_model_2052096_steps.zip, 8478.00, 605.00
rl_traffic_model_2056192_steps.zip, 8563.00, 605.60
rl_traffic_model_2060288_steps.zip, 8432.00, 607.90
rl_traffic_model_2064384_steps.zip, 8506.00, 611.80
rl_traffic_model_2068480_steps.zip, 8398.00, 625.70
rl_traffic_model_2072576_steps.zip, 8570.00, 600.80
rl_traffic_model_2076672_steps.zip, 8489.00, 609.20
rl_traffic_model_2080768_steps.zip, 8554.00, 622.00
rl_traffic_model_2084864_steps.zip, 8579.00, 598.60
rl_traffic_model_2088960_steps.zip, 8397.00, 644.20
rl_traffic_model_2093056_steps.zip, 8430.00, 617.90
rl_traffic_model_2097152_steps.zip, 8268.00, 627.70
rl_traffic_model_2101248_steps.zip, 8556.00, 613.30
rl_traffic_model_2105344_steps.zip, 8552.00, 607.90
rl_traffic_model_2109440_steps.zip, 8253.00, 654.10
rl_traffic_model_2113536_steps.zip, 8570.00, 587.40
rl_traffic_model_2117632_steps.zip, 8255.00, 660.00
rl_traffic_model_2121728_steps.zip, 8358.00, 636.40
rl_traffic_model_2125824_steps.zip, 8526.00, 614.60
rl_traffic_model_2129920_steps.zip, 8274.00, 643.00
rl_traffic_model_2134016_steps.zip, 8371.00, 619.20
rl_traffic_model_2138112_steps.zip, 8494.00, 610.00
rl_traffic_model_2142208_steps.zip, 8262.00, 655.20
rl_traffic_model_2146304_steps.zip, 8117.00, 687.90
rl_traffic_model_2150400_steps.zip, 8341.00, 666.80
rl_traffic_model_2154496_steps.zip, 8553.00, 612.90
rl_traffic_model_2158592_steps.zip, 8436.00, 613.00
rl_traffic_model_2162688_steps.zip, 8441.00, 619.70
rl_traffic_model_2166784_steps.zip, 8525.00, 605.90
rl_traffic_model_2170880_steps.zip, 8455.00, 618.50
rl_traffic_model_2174976_steps.zip, 8324.00, 641.70
rl_traffic_model_2179072_steps.zip, 8324.00, 641.70
rl_traffic_model_2183168_steps.zip, 8574.00, 617.30
rl_traffic_model_2187264_steps.zip, 8377.00, 647.80
rl_traffic_model_2191360_steps.zip, 8406.00, 635.30
rl_traffic_model_2195456_steps.zip, 8397.00, 620.60
rl_traffic_model_2199552_steps.zip, 8388.00, 610.50
rl_traffic_model_2203648_steps.zip, 8266.00, 633.60
rl_traffic_model_2207744_steps.zip, 8234.00, 663.40
rl_traffic_model_2211840_steps.zip, 8527.00, 603.90
rl_traffic_model_2215936_steps.zip, 7710.00, 746.90
rl_traffic_model_2220032_steps.zip, 8532.00, 605.90
rl_traffic_model_2224128_steps.zip, 8559.00, 626.60
rl_traffic_model_2228224_steps.zip, 8510.00, 611.00
rl_traffic_model_2232320_steps.zip, 8361.00, 633.00
rl_traffic_model_2236416_steps.zip, 8551.00, 605.30
rl_traffic_model_2240512_steps.zip, 8386.00, 619.40
rl_traffic_model_2244608_steps.zip, 8272.00, 656.60
rl_traffic_model_2248704_steps.zip, 8421.00, 633.80
rl_traffic_model_2252800_steps.zip, 8437.00, 608.80
rl_traffic_model_2256896_steps.zip, 8241.00, 638.80
rl_traffic_model_2260992_steps.zip, 8567.00, 573.20
rl_traffic_model_2265088_steps.zip, 8400.00, 613.90
rl_traffic_model_2269184_steps.zip, 8107.00, 682.50
rl_traffic_model_2273280_steps.zip, 8466.00, 598.80
rl_traffic_model_2277376_steps.zip, 8265.00, 659.20
rl_traffic_model_2281472_steps.zip, 8561.00, 592.40
rl_traffic_model_2285568_steps.zip, 8329.00, 657.70
rl_traffic_model_2289664_steps.zip, 8497.00, 624.90
rl_traffic_model_2293760_steps.zip, FAILED, FAILED
rl_traffic_model_2297856_steps.zip, 8145.00, 680.90
rl_traffic_model_2301952_steps.zip, 8244.00, 644.40
rl_traffic_model_2306048_steps.zip, 8071.00, 653.80
rl_traffic_model_2310144_steps.zip, 8537.00, 593.70
rl_traffic_model_2314240_steps.zip, 8194.00, 656.40
rl_traffic_model_2318336_steps.zip, 7909.00, 722.10
rl_traffic_model_2322432_steps.zip, 7909.00, 722.10
rl_traffic_model_2326528_steps.zip, 8203.00, 631.40
rl_traffic_model_2330624_steps.zip, 8301.00, 651.30
rl_traffic_model_2334720_steps.zip, 8102.00, 693.10
rl_traffic_model_2338816_steps.zip, 8290.00, 660.90
rl_traffic_model_2342912_steps.zip, 8379.00, 629.40
rl_traffic_model_2347008_steps.zip, 8112.00, 649.10
rl_traffic_model_2351104_steps.zip, 8487.00, 603.10
rl_traffic_model_2355200_steps.zip, 8361.00, 626.10
rl_traffic_model_2359296_steps.zip, 8389.00, 621.40
rl_traffic_model_2363392_steps.zip, 8309.00, 654.20
rl_traffic_model_2367488_steps.zip, 8231.00, 658.20
rl_traffic_model_2371584_steps.zip, 8529.00, 599.30
rl_traffic_model_2375680_steps.zip, 8361.00, 639.30
rl_traffic_model_2379776_steps.zip, 8104.00, 678.80
rl_traffic_model_2383872_steps.zip, 8258.00, 636.30
rl_traffic_model_2387968_steps.zip, 8119.00, 681.60
rl_traffic_model_2392064_steps.zip, 8485.00, 605.40
rl_traffic_model_2396160_steps.zip, 8194.00, 663.90
rl_traffic_model_2400256_steps.zip, 8498.00, 621.00
rl_traffic_model_2404352_steps.zip, 8445.00, 610.90
rl_traffic_model_2408448_steps.zip, 8352.00, 625.90
rl_traffic_model_2412544_steps.zip, 8219.00, 652.60
rl_traffic_model_2416640_steps.zip, 8249.00, 657.60
rl_traffic_model_2420736_steps.zip, 8483.00, 620.50
rl_traffic_model_2424832_steps.zip, 8370.00, 652.70
rl_traffic_model_2428928_steps.zip, 8413.00, 627.10
rl_traffic_model_2433024_steps.zip, 8352.00, 625.30
rl_traffic_model_2437120_steps.zip, 8434.00, 640.40
rl_traffic_model_2441216_steps.zip, 8599.00, 592.40
rl_traffic_model_2445312_steps.zip, 8357.00, 638.00
rl_traffic_model_2449408_steps.zip, 8227.00, 645.80
rl_traffic_model_2453504_steps.zip, 8470.00, 612.30
rl_traffic_model_2457600_steps.zip, 8544.00, 604.50
rl_traffic_model_2461696_steps.zip, 8523.00, 618.20
rl_traffic_model_2465792_steps.zip, 8543.00, 603.60
rl_traffic_model_2469888_steps.zip, 8380.00, 643.20
rl_traffic_model_2473984_steps.zip, 8433.00, 654.10
