pair,seed,junction,axis,delta_vh
tm-fixed,01,C2,EW,14.631666666666666
tm-fixed,01,D2,EW,19.698888888888888
tm-fixed,01,D1,NS,21.596944444444443
tm-fixed,01,E1,EW,10.631944444444445
tm-fixed,01,E2,NS,5.204166666666667
tm-fixed,01,E3,NS,33.323055555555555
tm-fixed,01,E4,NS,27.2025
tm-fixed,01,trip end,-,35.45333333333333
tm-fixed,01,C3,NS,44.09
tm-fixed,01,D3,EW,44.42805555555555
tm-fixed,01,D4,NS,41.96083333333333
tm-fixed,01,E4,EW,22.23777777777778
tm-fixed,01,C2,NS,43.9575
tm-fixed,01,C1,NS,24.755555555555556
tm-fixed,01,E3,EW,17.61888888888889
tm-fixed,01,E5,NS,10.232222222222223
tm-fixed,01,D5,EW,23.740555555555556
tm-fixed,01,C5,EW,-2.8513888888888888
tm-fixed,01,F4,EW,4.301944444444445
tm-fixed,01,E1,NS,16.595555555555556
tm-fixed,01,D1,EW,7.008333333333334
tm-fixed,01,D4,EW,47.149166666666666
tm-fixed,01,F3,NS,19.40138888888889
tm-fixed,01,C1,EW,15.807777777777778
tm-fixed,01,C0,NS,14.286111111111111
tm-fixed,01,D0,EW,6.7575
tm-fixed,01,C0,EW,8.605555555555556
tm-fixed,01,B1,EW,23.38361111111111
tm-fixed,01,B0,NS,-11.564444444444444
tm-fixed,01,E0,EW,11.896666666666667
tm-fixed,01,F0,EW,2.167222222222222
tm-fixed,01,F1,NS,6.585
tm-fixed,01,F2,NS,11.35388888888889
tm-fixed,01,F4,NS,14.651666666666667
tm-fixed,01,D3,NS,42.19027777777778
tm-fixed,01,D2,NS,28.704722222222223
tm-fixed,01,C4,EW,1.5819444444444444
tm-fixed,01,C5,NS,12.3225
tm-fixed,01,D0,NS,10.845
tm-fixed,01,B0,EW,14.358333333333333
tm-fixed,01,B1,NS,0.6722222222222223
tm-fixed,01,A1,EW,-5.048055555555556
tm-fixed,01,A0,NS,-7.160555555555556
tm-fixed,01,E0,NS,4.217222222222222
tm-fixed,01,B5,EW,-3.547222222222222
tm-fixed,01,D5,NS,21.141666666666666
tm-fixed,01,A5,EW,0.9113888888888889
tm-fixed,01,A4,NS,-2.5677777777777777
tm-fixed,01,B4,EW,-23.09027777777778
tm-fixed,01,B5,NS,-7.478888888888889
tm-fixed,01,F2,EW,4.628055555555555
tm-fixed,01,E5,EW,19.10972222222222
tm-fixed,01,F5,EW,10.113611111111112
tm-fixed,01,F5,NS,7.3625
tm-fixed,01,B2,NS,-7.509444444444444
tm-fixed,01,F1,EW,3.640277777777778
tm-fixed,01,C4,NS,42.403888888888886
tm-fixed,01,E2,EW,23.927777777777777
tm-fixed,01,F3,EW,1.5327777777777778
tm-fixed,01,F0,NS,1.1241666666666668
tm-fixed,01,C3,EW,18.10861111111111
tm-fixed,01,A2,EW,-15.481111111111112
tm-fixed,01,A1,NS,-17.05472222222222
tm-fixed,01,A4,EW,-14.533888888888889
tm-fixed,01,A5,NS,0.8277777777777777
tm-fixed,01,B4,NS,-12.911666666666667
tm-fixed,01,B2,EW,-25.759444444444444
tm-fixed,01,A2,NS,-2.473333333333333
tm-fixed,01,A0,EW,-0.69
tm-rl,01,C2,EW,22.53527777777778
tm-rl,01,D2,EW,26.1275
tm-rl,01,D1,NS,21.22833333333333
tm-rl,01,E1,EW,12.63
tm-rl,01,E2,NS,9.866111111111111
tm-rl,01,E3,NS,37.18861111111111
tm-rl,01,E4,NS,37.15361111111111
tm-rl,01,trip end,-,45.01888888888889
tm-rl,01,C3,NS,59.465833333333336
tm-rl,01,C4,NS,48.896388888888886
tm-rl,01,D4,EW,54.16888888888889
tm-rl,01,E4,EW,29.035
tm-rl,01,C2,NS,62.44027777777778
tm-rl,01,C1,NS,37.98583333333333
tm-rl,01,E3,EW,26.325555555555557
tm-rl,01,E5,NS,10.448055555555555
tm-rl,01,D5,EW,27.514722222222222
tm-rl,01,C5,EW,-2.6525
tm-rl,01,D3,EW,51.581944444444446
tm-rl,01,D4,NS,61.640277777777776
tm-rl,01,F4,EW,5.5744444444444445
tm-rl,01,F3,NS,21.599722222222223
tm-rl,01,E1,NS,18.02722222222222
tm-rl,01,F2,NS,13.632777777777777
tm-rl,01,E2,EW,29.125833333333333
tm-rl,01,C1,EW,23.496111111111112
tm-rl,01,C0,NS,18.717222222222222
tm-rl,01,D0,EW,9.180833333333334
tm-rl,01,C0,EW,15.810277777777777
tm-rl,01,B1,EW,32.11666666666667
tm-rl,01,B0,EW,21.91611111111111
tm-rl,01,B1,NS,9.500277777777777
tm-rl,01,B0,NS,-9.380833333333333
tm-rl,01,E0,EW,13.279444444444444
tm-rl,01,F0,EW,2.245
tm-rl,01,F1,NS,8.661111111111111
tm-rl,01,F4,NS,27.271944444444443
tm-rl,01,A1,EW,-5.663055555555555
tm-rl,01,A0,NS,-8.329722222222221
tm-rl,01,D1,EW,10.787777777777778
tm-rl,01,D2,NS,33.42472222222222
tm-rl,01,D3,NS,51.85583333333334
tm-rl,01,C4,EW,6.104444444444445
tm-rl,01,C5,NS,12.911111111111111
tm-rl,01,D0,NS,11.45
tm-rl,01,B5,EW,-4.1802777777777775
tm-rl,01,D5,NS,22.913055555555555
tm-rl,01,E5,EW,23.315277777777776
tm-rl,01,B2,NS,-4.184722222222222
tm-rl,01,F1,EW,3.8272222222222223
tm-rl,01,F5,NS,8.135
tm-rl,01,F3,EW,3.778888888888889
tm-rl,01,F0,NS,1.2816666666666667
tm-rl,01,B4,EW,-28.5225
tm-rl,01,B5,NS,-11.841666666666667
tm-rl,01,F5,EW,12.534444444444444
tm-rl,01,C3,EW,20.746944444444445
tm-rl,01,A2,EW,-23.89638888888889
tm-rl,01,A1,NS,-21.63
tm-rl,01,E0,NS,4.658611111111111
tm-rl,01,A4,EW,-18.57638888888889
tm-rl,01,A5,NS,0.3372222222222222
tm-rl,01,B4,NS,-21.104444444444443
tm-rl,01,F2,EW,5.410277777777778
tm-rl,01,B2,EW,-22.09138888888889
tm-rl,01,A5,EW,1.1091666666666666
tm-rl,01,A4,NS,-5.885833333333333
tm-rl,01,A2,NS,-10.376111111111111
tm-rl,01,A0,EW,0.5491666666666667
tm-fixed,02,C2,EW,4.583611111111111
tm-fixed,02,C3,NS,34.70055555555555
tm-fixed,02,D3,EW,29.84888888888889
tm-fixed,02,D4,NS,24.32027777777778
tm-fixed,02,D3,NS,34.95638888888889
tm-fixed,02,E4,EW,16.31861111111111
tm-fixed,02,trip end,-,27.4175
tm-fixed,02,D2,EW,19.0175
tm-fixed,02,E2,EW,14.598611111111111
tm-fixed,02,E3,NS,23.101666666666667
tm-fixed,02,E4,NS,14.091111111111111
tm-fixed,02,C2,NS,47.93638888888889
tm-fixed,02,D1,NS,11.090833333333334
tm-fixed,02,E1,EW,10.44138888888889
tm-fixed,02,C1,NS,12.265277777777778
tm-fixed,02,D1,EW,2.8333333333333335
tm-fixed,02,E3,EW,5.243055555555555
tm-fixed,02,E5,NS,4.87
tm-fixed,02,D5,EW,12.778888888888888
tm-fixed,02,E2,NS,3.6333333333333333
tm-fixed,02,E1,NS,11.68388888888889
tm-fixed,02,D2,NS,27.48777777777778
tm-fixed,02,D4,EW,25.093055555555555
tm-fixed,02,F2,EW,3.5275
tm-fixed,02,F3,NS,15.341388888888888
tm-fixed,02,F4,EW,5.115277777777778
tm-fixed,02,F2,NS,10.297777777777778
tm-fixed,02,F1,NS,1.7458333333333333
tm-fixed,02,C1,EW,4.676111111111111
tm-fixed,02,C0,NS,8.1775
tm-fixed,02,B0,EW,18.06888888888889
tm-fixed,02,B1,NS,-4.648055555555556
tm-fixed,02,A1,EW,-0.4311111111111111
tm-fixed,02,A0,NS,1.66
tm-fixed,02,C0,EW,5.1097222222222225
tm-fixed,02,D0,EW,7.108888888888889
tm-fixed,02,E0,EW,10.218333333333334
tm-fixed,02,B1,EW,32.2025
tm-fixed,02,E0,NS,4.570555555555556
tm-fixed,02,D0,NS,9.096944444444444
tm-fixed,02,C3,EW,20.62388888888889
tm-fixed,02,C4,EW,-16.569444444444443
tm-fixed,02,C5,NS,6.2941666666666665
tm-fixed,02,B5,EW,-5.161388888888889
tm-fixed,02,C4,NS,32.085
tm-fixed,02,A5,EW,0.18194444444444444
tm-fixed,02,D5,NS,5.3
tm-fixed,02,B0,NS,-6.392222222222222
tm-fixed,02,F0,EW,1.5675
tm-fixed,02,E5,EW,16.04277777777778
tm-fixed,02,F5,EW,8.756666666666666
tm-fixed,02,F4,NS,10.581111111111111
tm-fixed,02,F3,EW,3.212222222222222
tm-fixed,02,F5,NS,7.275833333333333
tm-fixed,02,C5,EW,-7.706666666666667
tm-fixed,02,F1,EW,2.835
tm-fixed,02,B4,EW,-36.2925
tm-fixed,02,B5,NS,-10.766666666666667
tm-fixed,02,F0,NS,0.6822222222222222
tm-fixed,02,A2,NS,0.9222222222222223
tm-fixed,02,B2,EW,-19.58138888888889
tm-fixed,02,B2,NS,-3.098333333333333
tm-fixed,02,A2,EW,-9.511666666666667
tm-fixed,02,A1,NS,-8.888055555555555
tm-fixed,02,A4,EW,-17.302222222222223
tm-fixed,02,A5,NS,2.3316666666666666
tm-fixed,02,B4,NS,-13.963611111111112
tm-fixed,02,A4,NS,-4.410555555555556
tm-fixed,02,A0,EW,0.535
tm-rl,02,C2,EW,-8.033055555555556
tm-rl,02,C3,NS,31.2325
tm-rl,02,D3,EW,30.58361111111111
tm-rl,02,D4,NS,33.12861111111111
tm-rl,02,D3,NS,39.913333333333334
tm-rl,02,E4,EW,18.026944444444446
tm-rl,02,trip end,-,25.6775
tm-rl,02,C4,NS,35.878055555555555
tm-rl,02,D4,EW,27.638055555555557
tm-rl,02,C2,NS,34.52388888888889
tm-rl,02,D2,EW,15.761666666666667
tm-rl,02,D2,NS,24.753333333333334
tm-rl,02,D1,NS,5.1963888888888885
tm-rl,02,E1,EW,7.953888888888889
tm-rl,02,C1,NS,-3.865
tm-rl,02,D1,EW,2.620833333333333
tm-rl,02,E3,EW,7.716944444444445
tm-rl,02,E4,NS,10.801944444444445
tm-rl,02,E5,NS,5.5441666666666665
tm-rl,02,D5,EW,16.758055555555554
tm-rl,02,F3,EW,3.7016666666666667
tm-rl,02,F4,NS,8.561388888888889
tm-rl,02,F5,NS,7.519722222222223
tm-rl,02,E5,EW,16.375
tm-rl,02,E3,NS,26.05666666666667
tm-rl,02,E2,NS,1.6655555555555555
tm-rl,02,E1,NS,11.468055555555555
tm-rl,02,E2,EW,17.767777777777777
tm-rl,02,F2,EW,3.01
tm-rl,02,F3,NS,15.806666666666667
tm-rl,02,F4,EW,5.286388888888889
tm-rl,02,F2,NS,10.438611111111111
tm-rl,02,F1,NS,2.055
tm-rl,02,C1,EW,3.9505555555555554
tm-rl,02,C0,NS,8.504166666666666
tm-rl,02,B0,EW,7.381944444444445
tm-rl,02,B1,NS,-5.349722222222222
tm-rl,02,A1,EW,-2.816666666666667
tm-rl,02,A0,NS,-1.5591666666666666
tm-rl,02,C0,EW,4.983333333333333
tm-rl,02,D0,EW,-0.3877777777777778
tm-rl,02,E0,EW,8.898055555555555
tm-rl,02,A1,NS,-3.5855555555555556
tm-rl,02,B1,EW,2.7344444444444442
tm-rl,02,E0,NS,4.5872222222222225
tm-rl,02,C3,EW,18.683888888888887
tm-rl,02,C4,EW,-14.974722222222223
tm-rl,02,C5,NS,9.95888888888889
tm-rl,02,B5,EW,-2.733888888888889
tm-rl,02,B4,EW,-19.3225
tm-rl,02,B5,NS,-6.536111111111111
tm-rl,02,D5,NS,4.610555555555556
tm-rl,02,C5,EW,-0.7786111111111111
tm-rl,02,B0,NS,-11.216388888888888
tm-rl,02,F0,EW,1.4925
tm-rl,02,F5,EW,8.716944444444444
tm-rl,02,F0,NS,0.47444444444444445
tm-rl,02,A2,NS,1.1883333333333332
tm-rl,02,B2,EW,-12.294444444444444
tm-rl,02,B2,NS,-7.378888888888889
tm-rl,02,F1,EW,2.8955555555555557
tm-rl,02,D0,NS,8.403888888888888
tm-rl,02,A2,EW,-5.3533333333333335
tm-rl,02,A0,EW,-1.1805555555555556
tm-rl,02,A4,EW,-10.8675
tm-rl,02,A5,NS,3.6569444444444446
tm-rl,02,B4,NS,-13.66638888888889
tm-rl,02,A4,NS,-0.3338888888888889
tm-rl,02,A5,EW,0.9166666666666666
tm-fixed,03,C2,EW,26.9925
tm-fixed,03,D2,EW,19.2175
tm-fixed,03,D3,NS,34.59861111111111
tm-fixed,03,E3,EW,12.686944444444444
tm-fixed,03,E4,NS,25.218611111111112
tm-fixed,03,trip end,-,32.35638888888889
tm-fixed,03,C3,NS,37.28333333333333
tm-fixed,03,D3,EW,30.963333333333335
tm-fixed,03,D4,NS,48.631388888888885
tm-fixed,03,E4,EW,29.55388888888889
tm-fixed,03,C2,NS,65.85527777777777
tm-fixed,03,D2,NS,28.10361111111111
tm-fixed,03,E5,NS,12.773055555555555
tm-fixed,03,D5,EW,19.985833333333332
tm-fixed,03,E3,NS,22.55472222222222
tm-fixed,03,E2,NS,0.9719444444444445
tm-fixed,03,E1,NS,14.399444444444445
tm-fixed,03,D1,EW,4.388055555555556
tm-fixed,03,D1,NS,19.3975
tm-fixed,03,F4,EW,9.506944444444445
tm-fixed,03,D4,EW,32.638333333333335
tm-fixed,03,F3,NS,17.6925
tm-fixed,03,F2,NS,9.565555555555555
tm-fixed,03,E2,EW,16.77861111111111
tm-fixed,03,C1,EW,23.869722222222222
tm-fixed,03,C0,NS,18.02777777777778
tm-fixed,03,C1,NS,30.67861111111111
tm-fixed,03,B1,EW,18.255277777777778
tm-fixed,03,B0,EW,20.713333333333335
tm-fixed,03,B1,NS,8.408611111111112
tm-fixed,03,A1,EW,-2.7275
tm-fixed,03,A0,NS,-2.8958333333333335
tm-fixed,03,A1,NS,-1.9905555555555556
tm-fixed,03,C0,EW,11.544444444444444
tm-fixed,03,D0,EW,8.540277777777778
tm-fixed,03,E0,EW,7.546944444444445
tm-fixed,03,F0,EW,1.8822222222222222
tm-fixed,03,F1,NS,3.218611111111111
tm-fixed,03,F4,NS,15.870277777777778
tm-fixed,03,F5,NS,6.411388888888889
tm-fixed,03,E5,EW,24.29861111111111
tm-fixed,03,C4,NS,42.195277777777775
tm-fixed,03,C5,NS,11.5
tm-fixed,03,B0,NS,-8.727222222222222
tm-fixed,03,C4,EW,-1.6344444444444444
tm-fixed,03,D0,NS,12.811111111111112
tm-fixed,03,E1,EW,14.652777777777779
tm-fixed,03,D5,NS,17.099444444444444
tm-fixed,03,C5,EW,-4.980555555555555
tm-fixed,03,B5,EW,-8.647777777777778
tm-fixed,03,F2,EW,5.312777777777778
tm-fixed,03,F1,EW,4.258333333333334
tm-fixed,03,B4,EW,-23.1475
tm-fixed,03,B5,NS,-15.036666666666667
tm-fixed,03,A5,EW,-0.6647222222222222
tm-fixed,03,A4,NS,-4.214722222222222
tm-fixed,03,A4,EW,-16.27777777777778
tm-fixed,03,F5,EW,10.988333333333333
tm-fixed,03,F0,NS,0.7844444444444445
tm-fixed,03,B2,NS,9.011388888888888
tm-fixed,03,B4,NS,-21.05472222222222
tm-fixed,03,C3,EW,28.248055555555556
tm-fixed,03,A2,EW,-5.675833333333333
tm-fixed,03,E0,NS,4.761111111111111
tm-fixed,03,F3,EW,-0.1425
tm-fixed,03,A5,NS,0.5619444444444445
tm-fixed,03,B2,EW,-8.913333333333334
tm-fixed,03,A2,NS,-0.8975
tm-fixed,03,A0,EW,2.41
tm-rl,03,C2,EW,24.405277777777776
tm-rl,03,D2,EW,16.33138888888889
tm-rl,03,D3,NS,38.96
tm-rl,03,E3,EW,25.4325
tm-rl,03,E4,NS,23.900555555555556
tm-rl,03,trip end,-,34.73083333333334
tm-rl,03,C3,NS,40.638333333333335
tm-rl,03,C4,NS,47.0475
tm-rl,03,C5,NS,12.196388888888889
tm-rl,03,D5,EW,22.95722222222222
tm-rl,03,E5,EW,25.6775
tm-rl,03,F5,EW,11.963333333333333
tm-rl,03,F4,NS,19.94472222222222
tm-rl,03,E4,EW,29.078055555555554
tm-rl,03,C2,NS,67.7063888888889
tm-rl,03,D2,NS,28.336944444444445
tm-rl,03,E5,NS,12.871666666666666
tm-rl,03,F4,EW,10.5475
tm-rl,03,F5,NS,6.5525
tm-rl,03,E3,NS,28.811666666666667
tm-rl,03,E2,NS,1.6105555555555555
tm-rl,03,E1,NS,13.572777777777778
tm-rl,03,D1,EW,7.014444444444444
tm-rl,03,D3,EW,37.149166666666666
tm-rl,03,D1,NS,17.055555555555557
tm-rl,03,D4,EW,39.95777777777778
tm-rl,03,D4,NS,56.882222222222225
tm-rl,03,F3,NS,18.5175
tm-rl,03,F2,NS,9.77138888888889
tm-rl,03,E2,EW,20.80611111111111
tm-rl,03,C1,EW,21.791666666666668
tm-rl,03,C0,NS,13.776944444444444
tm-rl,03,C1,NS,21.752222222222223
tm-rl,03,B1,EW,18.529444444444444
tm-rl,03,B0,EW,17.80361111111111
tm-rl,03,B1,NS,13.561111111111112
tm-rl,03,A1,EW,-3.605
tm-rl,03,A0,NS,-2.75
tm-rl,03,A1,NS,-6.8566666666666665
tm-rl,03,C0,EW,14.346111111111112
tm-rl,03,D0,EW,11.788611111111111
tm-rl,03,E0,EW,7.771111111111111
tm-rl,03,F0,EW,2.0058333333333334
tm-rl,03,F1,NS,3.2919444444444443
tm-rl,03,B0,NS,-5.773055555555556
tm-rl,03,C4,EW,-8.545
tm-rl,03,D0,NS,12.245555555555555
tm-rl,03,E1,EW,14.635833333333334
tm-rl,03,D5,NS,17.446944444444444
tm-rl,03,C5,EW,-4.41
tm-rl,03,B5,EW,-16.82
tm-rl,03,C3,EW,25.239166666666666
tm-rl,03,B4,EW,-26.835833333333333
tm-rl,03,B5,NS,-16.260833333333334
tm-rl,03,F2,EW,6.576666666666667
tm-rl,03,F1,EW,3.9702777777777776
tm-rl,03,F0,NS,0.6344444444444445
tm-rl,03,B2,NS,5.454166666666667
tm-rl,03,B4,NS,-17.447777777777777
tm-rl,03,A2,EW,-11.776944444444444
tm-rl,03,F3,EW,3.341388888888889
tm-rl,03,A4,EW,-17.59611111111111
tm-rl,03,A5,NS,0.41944444444444445
tm-rl,03,A5,EW,-0.7733333333333333
tm-rl,03,A4,NS,-2.5525
tm-rl,03,E0,NS,4.501944444444445
tm-rl,03,B2,EW,-9.53138888888889
tm-rl,03,A2,NS,-3.125277777777778
tm-rl,03,A0,EW,2.741388888888889
tm-fixed,04,C2,EW,18.796388888888888
tm-fixed,04,C3,NS,41.503055555555555
tm-fixed,04,D3,EW,15.100277777777778
tm-fixed,04,E3,EW,8.942222222222222
tm-fixed,04,E4,NS,11.089166666666667
tm-fixed,04,trip end,-,21.735
tm-fixed,04,C4,NS,24.58138888888889
tm-fixed,04,D4,EW,23.34611111111111
tm-fixed,04,E4,EW,10.260555555555555
tm-fixed,04,C2,NS,51.23861111111111
tm-fixed,04,D2,EW,15.625555555555556
tm-fixed,04,E2,EW,19.56277777777778
tm-fixed,04,E1,NS,11.167222222222222
tm-fixed,04,C1,NS,22.49
tm-fixed,04,D1,EW,8.303333333333333
tm-fixed,04,E1,EW,5.768611111111111
tm-fixed,04,D4,NS,30.19611111111111
tm-fixed,04,D5,NS,5.9225
tm-fixed,04,F4,EW,1.3583333333333334
tm-fixed,04,F5,NS,2.716666666666667
tm-fixed,04,E5,EW,18.386111111111113
tm-fixed,04,D5,EW,13.834722222222222
tm-fixed,04,E3,NS,27.060833333333335
tm-fixed,04,E2,NS,1.895
tm-fixed,04,D2,NS,25.48111111111111
tm-fixed,04,D1,NS,18.195555555555554
tm-fixed,04,C1,EW,26.663888888888888
tm-fixed,04,B1,EW,38.72138888888889
tm-fixed,04,C0,NS,17.350833333333334
tm-fixed,04,B0,EW,16.835555555555555
tm-fixed,04,B1,NS,-4.578888888888889
tm-fixed,04,A1,EW,4.186388888888889
tm-fixed,04,A0,NS,-3.709722222222222
tm-fixed,04,C0,EW,0.6102777777777778
tm-fixed,04,D0,EW,9.030833333333334
tm-fixed,04,E0,EW,8.75611111111111
tm-fixed,04,A1,NS,3.6908333333333334
tm-fixed,04,E5,NS,4.708333333333333
tm-fixed,04,F5,EW,10.2425
tm-fixed,04,F0,EW,1.3888888888888888
tm-fixed,04,F1,NS,1.9777777777777779
tm-fixed,04,F2,NS,7.821944444444444
tm-fixed,04,F3,NS,18.29111111111111
tm-fixed,04,F4,NS,7.678888888888889
tm-fixed,04,D3,NS,22.886111111111113
tm-fixed,04,D0,NS,10.423333333333334
tm-fixed,04,C4,EW,-11.449166666666667
tm-fixed,04,C5,EW,-6.204166666666667
tm-fixed,04,B5,EW,-8.094722222222222
tm-fixed,04,C5,NS,3.6061111111111113
tm-fixed,04,A5,EW,0.4166666666666667
tm-fixed,04,B0,NS,-9.891666666666667
tm-fixed,04,F1,EW,1.8888888888888888
tm-fixed,04,F2,EW,2.6580555555555554
tm-fixed,04,B4,EW,-22.815833333333334
tm-fixed,04,B5,NS,-7.608611111111111
tm-fixed,04,F3,EW,-5.011388888888889
tm-fixed,04,E0,NS,3.7711111111111113
tm-fixed,04,F0,NS,0.9705555555555555
tm-fixed,04,B2,NS,0.8655555555555555
tm-fixed,04,B4,NS,-22.44527777777778
tm-fixed,04,C3,EW,18.173333333333332
tm-fixed,04,A2,EW,-1.4858333333333333
tm-fixed,04,B2,EW,-13.481111111111112
tm-fixed,04,A4,EW,-15.071111111111112
tm-fixed,04,A5,NS,2.046666666666667
tm-fixed,04,A4,NS,-1.096111111111111
tm-fixed,04,A0,EW,1.2847222222222223
tm-fixed,04,A2,NS,6.514166666666667
tm-rl,04,C2,EW,13.702222222222222
tm-rl,04,C3,NS,21.875
tm-rl,04,D3,EW,11.93
tm-rl,04,E3,EW,10.743333333333334
tm-rl,04,E4,NS,3.4522222222222223
tm-rl,04,trip end,-,16.36611111111111
tm-rl,04,D4,NS,17.84
tm-rl,04,E4,EW,7.927222222222222
tm-rl,04,C2,NS,31.40388888888889
tm-rl,04,D2,EW,15.078055555555556
tm-rl,04,C1,NS,21.356666666666666
tm-rl,04,D1,EW,4.978055555555556
tm-rl,04,D2,NS,23.26638888888889
tm-rl,04,E2,EW,18.343055555555555
tm-rl,04,E1,NS,9.949166666666667
tm-rl,04,D1,NS,12.393333333333333
tm-rl,04,E1,EW,3.692222222222222
tm-rl,04,D5,NS,0.6744444444444444
tm-rl,04,E5,NS,-3.5644444444444443
tm-rl,04,D5,EW,12.955277777777777
tm-rl,04,E3,NS,24.753611111111113
tm-rl,04,E2,NS,-1.7727777777777778
tm-rl,04,D4,EW,17.860277777777778
tm-rl,04,F3,EW,-5.009444444444444
tm-rl,04,F2,NS,5.771388888888889
tm-rl,04,F1,NS,-1.853611111111111
tm-rl,04,C1,EW,21.91638888888889
tm-rl,04,B1,EW,39.13388888888889
tm-rl,04,C0,NS,15.736666666666666
tm-rl,04,B0,EW,19.361944444444443
tm-rl,04,C0,EW,3.6266666666666665
tm-rl,04,B1,NS,2.417222222222222
tm-rl,04,A1,EW,0.9691666666666666
tm-rl,04,A0,NS,-3.7344444444444442
tm-rl,04,D0,EW,8.140833333333333
tm-rl,04,E0,EW,8.099166666666667
tm-rl,04,A1,NS,-4.808611111111111
tm-rl,04,F5,EW,8.249444444444444
tm-rl,04,E5,EW,14.552777777777777
tm-rl,04,C4,NS,18.274722222222223
tm-rl,04,C5,NS,4.8925
tm-rl,04,D3,NS,23.574166666666667
tm-rl,04,D0,NS,9.583333333333334
tm-rl,04,C5,EW,-7.644166666666667
tm-rl,04,B5,EW,-14.355
tm-rl,04,C3,EW,8.40638888888889
tm-rl,04,F2,EW,1.791388888888889
tm-rl,04,F3,NS,16.55666666666667
tm-rl,04,F4,NS,-3.2244444444444444
tm-rl,04,F5,NS,1.9202777777777778
tm-rl,04,B0,NS,-11.792777777777777
tm-rl,04,F1,EW,1.4541666666666666
tm-rl,04,C4,EW,-24.862222222222222
tm-rl,04,F4,EW,-0.41194444444444445
tm-rl,04,B4,EW,-20.857222222222223
tm-rl,04,B5,NS,-10.974722222222223
tm-rl,04,E0,NS,3.3033333333333332
tm-rl,04,B2,NS,18.8225
tm-rl,04,F0,EW,1.2427777777777778
tm-rl,04,B4,NS,-21.725833333333334
tm-rl,04,A2,EW,-3.143611111111111
tm-rl,04,B2,EW,-21.23111111111111
tm-rl,04,F0,NS,0.07138888888888889
tm-rl,04,A4,EW,-13.758333333333333
tm-rl,04,A5,NS,2.1266666666666665
tm-rl,04,A5,EW,0.22277777777777777
tm-rl,04,A4,NS,-1.9902777777777778
tm-rl,04,A0,EW,1.6722222222222223
tm-rl,04,A2,NS,6.414444444444444
tm-fixed,05,C2,EW,-3.982222222222222
tm-fixed,05,D2,EW,14.001388888888888
tm-fixed,05,E2,EW,18.616944444444446
tm-fixed,05,E3,NS,28.366944444444446
tm-fixed,05,E4,NS,20.73
tm-fixed,05,trip end,-,22.073611111111113
tm-fixed,05,C3,NS,40.789722222222224
tm-fixed,05,D3,EW,21.81222222222222
tm-fixed,05,D4,NS,35.42027777777778
tm-fixed,05,E4,EW,22.338055555555556
tm-fixed,05,C2,NS,46.27777777777778
tm-fixed,05,C1,NS,24.964166666666667
tm-fixed,05,E1,NS,18.035
tm-fixed,05,C0,NS,14.305833333333334
tm-fixed,05,D1,EW,4.766388888888889
tm-fixed,05,E1,EW,12.768888888888888
tm-fixed,05,E3,EW,10.706944444444444
tm-fixed,05,D4,EW,29.164444444444445
tm-fixed,05,D5,NS,13.471111111111112
tm-fixed,05,E5,NS,6.499444444444444
tm-fixed,05,D5,EW,17.405
tm-fixed,05,F4,EW,0.5597222222222222
tm-fixed,05,F3,NS,14.678888888888888
tm-fixed,05,E2,NS,2.620277777777778
tm-fixed,05,D2,NS,28.54722222222222
tm-fixed,05,D1,NS,12.238055555555556
tm-fixed,05,D3,NS,28.929166666666667
tm-fixed,05,C1,EW,13.6325
tm-fixed,05,B0,EW,24.43638888888889
tm-fixed,05,B1,NS,-3.0058333333333334
tm-fixed,05,B1,EW,22.210833333333333
tm-fixed,05,A1,EW,5.175277777777778
tm-fixed,05,B0,NS,-9.984722222222222
tm-fixed,05,C0,EW,7.170277777777778
tm-fixed,05,D0,EW,6.9911111111111115
tm-fixed,05,E0,EW,8.654722222222222
tm-fixed,05,F0,EW,1.738611111111111
tm-fixed,05,F1,NS,5.556666666666667
tm-fixed,05,F2,NS,8.838055555555556
tm-fixed,05,F4,NS,14.694444444444445
tm-fixed,05,F5,NS,4.316944444444444
tm-fixed,05,E5,EW,19.282777777777778
tm-fixed,05,A0,NS,8.221944444444444
tm-fixed,05,A2,EW,-11.128333333333334
tm-fixed,05,A1,NS,-6.353055555555556
tm-fixed,05,B2,EW,-11.0275
tm-fixed,05,A0,EW,1.6230555555555555
tm-fixed,05,C4,EW,-6.052777777777778
tm-fixed,05,E0,NS,4.681666666666667
tm-fixed,05,C5,EW,-9.618055555555555
tm-fixed,05,B5,EW,0.07
tm-fixed,05,C3,EW,17.691944444444445
tm-fixed,05,C4,NS,51.882222222222225
tm-fixed,05,C5,NS,13.233611111111111
tm-fixed,05,A5,EW,1.2883333333333333
tm-fixed,05,A4,NS,-4.828055555555555
tm-fixed,05,A5,NS,4.490555555555556
tm-fixed,05,F1,EW,3.2133333333333334
tm-fixed,05,F5,EW,6.8436111111111115
tm-fixed,05,F2,EW,4.774166666666667
tm-fixed,05,B4,EW,-4.841388888888889
tm-fixed,05,B5,NS,-8.670833333333333
tm-fixed,05,B2,NS,-12.308333333333334
tm-fixed,05,F3,EW,-3.45
tm-fixed,05,F0,NS,0.6875
tm-fixed,05,A4,EW,-12.483888888888888
tm-fixed,05,B4,NS,-22.634166666666665
tm-fixed,05,D0,NS,11.956666666666667
tm-fixed,05,A2,NS,1.2547222222222223
tm-rl,05,C2,EW,-2.0322222222222224
tm-rl,05,D2,EW,14.771944444444445
tm-rl,05,E2,EW,21.99277777777778
tm-rl,05,E3,NS,27.603055555555557
tm-rl,05,E4,NS,18.744444444444444
tm-rl,05,trip end,-,25.24222222222222
tm-rl,05,C3,NS,45.71722222222222
tm-rl,05,D3,EW,19.7375
tm-rl,05,D4,NS,40.32888888888889
tm-rl,05,E4,EW,19.280833333333334
tm-rl,05,C2,NS,36.988055555555555
tm-rl,05,C1,NS,18.6375
tm-rl,05,E1,NS,17.904444444444444
tm-rl,05,E3,EW,12.431111111111111
tm-rl,05,D4,EW,31.758333333333333
tm-rl,05,D5,NS,13.550277777777778
tm-rl,05,E5,NS,5.338333333333333
tm-rl,05,D5,EW,19.92
tm-rl,05,F4,EW,-0.17027777777777778
tm-rl,05,F3,NS,15.123333333333333
tm-rl,05,E2,NS,-0.3958333333333333
tm-rl,05,D1,EW,4.9925
tm-rl,05,F3,EW,2.2158333333333333
tm-rl,05,F2,NS,9.157222222222222
tm-rl,05,F1,NS,5.440555555555555
tm-rl,05,E1,EW,14.05638888888889
tm-rl,05,D2,NS,26.59638888888889
tm-rl,05,D3,NS,33.81472222222222
tm-rl,05,C1,EW,11.37111111111111
tm-rl,05,C0,NS,17.2225
tm-rl,05,B0,EW,26.286944444444444
tm-rl,05,B1,NS,0.8833333333333333
tm-rl,05,A1,EW,7.736666666666666
tm-rl,05,B1,EW,19.93138888888889
tm-rl,05,B0,NS,-11.223888888888888
tm-rl,05,C0,EW,8.365833333333333
tm-rl,05,D0,EW,6.123055555555555
tm-rl,05,E0,EW,8.256388888888889
tm-rl,05,F0,EW,1.7169444444444444
tm-rl,05,F4,NS,16.250555555555554
tm-rl,05,F5,NS,4.01
tm-rl,05,E5,EW,20.35
tm-rl,05,A0,NS,7.090833333333333
tm-rl,05,C4,NS,54.403888888888886
tm-rl,05,C5,NS,14.84388888888889
tm-rl,05,A2,EW,-4.218333333333334
tm-rl,05,A1,NS,-0.08888888888888889
tm-rl,05,D1,NS,7.454722222222222
tm-rl,05,E0,NS,5.213888888888889
tm-rl,05,C5,EW,-7.605833333333333
tm-rl,05,B5,EW,-3.703611111111111
tm-rl,05,C4,EW,-8.984444444444444
tm-rl,05,F1,EW,2.8719444444444444
tm-rl,05,F5,EW,7.288333333333333
tm-rl,05,F2,EW,4.305
tm-rl,05,B4,EW,-1.4636111111111112
tm-rl,05,B5,NS,-8.206944444444444
tm-rl,05,B2,NS,-6.8533333333333335
tm-rl,05,C3,EW,23.248055555555556
tm-rl,05,F0,NS,0.46444444444444444
tm-rl,05,D0,NS,11.758888888888889
tm-rl,05,A4,EW,-15.3675
tm-rl,05,A5,NS,4.142777777777778
tm-rl,05,B4,NS,-20.8875
tm-rl,05,B2,EW,-4.379722222222222
tm-rl,05,A0,EW,2.1544444444444446
tm-rl,05,A2,NS,-3.3230555555555554
tm-rl,05,A5,EW,2.3541666666666665
tm-rl,05,A4,NS,-3.7783333333333333
tm-rl,05,teleport (trip ended by teleport),-,-0.0002777777777777778
tm-fixed,06,C2,EW,0.6652777777777777
tm-fixed,06,D2,EW,10.671111111111111
tm-fixed,06,E2,EW,19.62388888888889
tm-fixed,06,E1,NS,16.895833333333332
tm-fixed,06,trip end,-,1.6936111111111112
tm-fixed,06,C1,NS,16.10333333333333
tm-fixed,06,D1,EW,4.263055555555556
tm-fixed,06,E1,EW,10.294166666666667
tm-fixed,06,D3,NS,26.851388888888888
tm-fixed,06,D4,NS,25.281944444444445
tm-fixed,06,E4,EW,11.844166666666666
tm-fixed,06,C3,NS,35.711666666666666
tm-fixed,06,D3,EW,20.610277777777778
tm-fixed,06,E3,EW,8.776111111111112
tm-fixed,06,E4,NS,13.095
tm-fixed,06,C2,NS,39.68083333333333
tm-fixed,06,D2,NS,26.756666666666668
tm-fixed,06,E5,NS,3.4555555555555557
tm-fixed,06,D5,EW,12.891944444444444
tm-fixed,06,E3,NS,21.725833333333334
tm-fixed,06,D1,NS,15.142777777777777
tm-fixed,06,C1,EW,0.8416666666666667
tm-fixed,06,B1,EW,9.002222222222223
tm-fixed,06,A1,EW,-5.855
tm-fixed,06,A0,NS,-1.2213888888888889
tm-fixed,06,B0,EW,7.663055555555555
tm-fixed,06,C0,EW,2.265277777777778
tm-fixed,06,D0,EW,2.4433333333333334
tm-fixed,06,E0,EW,8.698055555555555
tm-fixed,06,E2,NS,-0.2675
tm-fixed,06,D4,EW,22.355
tm-fixed,06,F4,EW,1.013611111111111
tm-fixed,06,F3,NS,16.807222222222222
tm-fixed,06,F2,NS,11.192777777777778
tm-fixed,06,F1,NS,3.55
tm-fixed,06,E5,EW,13.655833333333334
tm-fixed,06,C4,NS,23.166944444444443
tm-fixed,06,C5,NS,2.861666666666667
tm-fixed,06,B0,NS,-16.015
tm-fixed,06,C0,NS,10.83611111111111
tm-fixed,06,B1,NS,-15.681944444444444
tm-fixed,06,C4,EW,-28.438333333333333
tm-fixed,06,A2,EW,-14.071388888888889
tm-fixed,06,A1,NS,-7.963611111111111
tm-fixed,06,A2,NS,0.6211111111111111
tm-fixed,06,B2,EW,-18.451666666666668
tm-fixed,06,F0,EW,1.043611111111111
tm-fixed,06,D5,NS,9.596944444444444
tm-fixed,06,C5,EW,-21.804444444444446
tm-fixed,06,C3,EW,6.894444444444445
tm-fixed,06,D0,NS,8.740277777777777
tm-fixed,06,B5,EW,-9.337777777777777
tm-fixed,06,F2,EW,2.1330555555555555
tm-fixed,06,F4,NS,9.772222222222222
tm-fixed,06,F5,NS,3.236666666666667
tm-fixed,06,F1,EW,2.0658333333333334
tm-fixed,06,F5,EW,6.970277777777778
tm-fixed,06,B4,EW,-27.148611111111112
tm-fixed,06,B5,NS,-21.238611111111112
tm-fixed,06,F0,NS,0.8597222222222223
tm-fixed,06,E0,NS,4.106111111111111
tm-fixed,06,B2,NS,0.7061111111111111
tm-fixed,06,A0,EW,-0.285
tm-fixed,06,A4,EW,-17.92111111111111
tm-fixed,06,A5,NS,3.6930555555555555
tm-fixed,06,A5,EW,1.3005555555555555
tm-fixed,06,A4,NS,1.5905555555555555
tm-fixed,06,B4,NS,-20.235
tm-fixed,06,F3,EW,0.23972222222222223
tm-rl,06,C2,EW,-12.213055555555556
tm-rl,06,D2,EW,5.324166666666667
tm-rl,06,E2,EW,17.59888888888889
tm-rl,06,E1,NS,14.151111111111112
tm-rl,06,trip end,-,-5.3341666666666665
tm-rl,06,C3,NS,20.07888888888889
tm-rl,06,D3,EW,14.725555555555555
tm-rl,06,D2,NS,21.7325
tm-rl,06,D1,NS,4.731388888888889
tm-rl,06,E1,EW,7.679722222222222
tm-rl,06,D3,NS,18.60361111111111
tm-rl,06,D4,NS,15.135
tm-rl,06,E4,EW,6.618888888888889
tm-rl,06,E3,NS,20.480555555555554
tm-rl,06,E4,NS,1.718888888888889
tm-rl,06,C2,NS,27.134166666666665
tm-rl,06,E3,EW,8.44
tm-rl,06,E5,NS,1.121388888888889
tm-rl,06,D5,EW,11.76
tm-rl,06,F4,EW,-3.298611111111111
tm-rl,06,F5,NS,2.718611111111111
tm-rl,06,E5,EW,8.643888888888888
tm-rl,06,E2,NS,-3.0052777777777777
tm-rl,06,D1,EW,2.216111111111111
tm-rl,06,C1,EW,-0.9108333333333334
tm-rl,06,B1,EW,-7.353055555555556
tm-rl,06,C0,NS,9.159166666666666
tm-rl,06,B0,EW,9.160833333333333
tm-rl,06,B1,NS,-28.17
tm-rl,06,A1,EW,-4.975
tm-rl,06,A0,NS,-5.581944444444445
tm-rl,06,C0,EW,2.3180555555555555
tm-rl,06,D0,EW,-4.486666666666666
tm-rl,06,E0,EW,7.254444444444444
tm-rl,06,D4,EW,13.539166666666667
tm-rl,06,F3,NS,14.2575
tm-rl,06,F2,NS,8.831666666666667
tm-rl,06,C1,NS,2.140277777777778
tm-rl,06,C4,NS,14.769444444444444
tm-rl,06,C5,NS,4.887222222222222
tm-rl,06,B0,NS,-19.881944444444443
tm-rl,06,D5,NS,4.123333333333333
tm-rl,06,C5,EW,-22.176111111111112
tm-rl,06,F5,EW,4.564166666666667
tm-rl,06,F4,NS,-1.4191666666666667
tm-rl,06,F1,NS,0.16361111111111112
tm-rl,06,F0,EW,0.8252777777777778
tm-rl,06,D0,NS,8.439722222222223
tm-rl,06,C4,EW,-38.41555555555556
tm-rl,06,B5,EW,-10.043888888888889
tm-rl,06,F2,EW,2.1663888888888887
tm-rl,06,F1,EW,1.9408333333333334
tm-rl,06,B4,EW,-34.06805555555555
tm-rl,06,B5,NS,-17.536666666666665
tm-rl,06,F0,NS,0.006388888888888889
tm-rl,06,E0,NS,3.971388888888889
tm-rl,06,B2,NS,-7.9238888888888885
tm-rl,06,C3,EW,5.635833333333333
tm-rl,06,A2,EW,-14.179722222222223
tm-rl,06,B2,EW,-18.614722222222223
tm-rl,06,A1,NS,-7.791944444444445
tm-rl,06,F3,EW,-0.3377777777777778
tm-rl,06,A4,EW,-11.643611111111111
tm-rl,06,A5,NS,2.451388888888889
tm-rl,06,B4,NS,-26.520555555555557
tm-rl,06,A4,NS,0.19305555555555556
tm-rl,06,A5,EW,0.57
tm-rl,06,A2,NS,-1.9775
tm-rl,06,A0,EW,-0.7486111111111111
tm-fixed,07,C2,EW,14.891388888888889
tm-fixed,07,C3,NS,42.51555555555556
tm-fixed,07,C4,NS,41.58027777777778
tm-fixed,07,D4,EW,23.26527777777778
tm-fixed,07,D5,NS,16.258333333333333
tm-fixed,07,E5,EW,17.233888888888888
tm-fixed,07,D5,EW,20.888055555555557
tm-fixed,07,E4,NS,17.88388888888889
tm-fixed,07,trip end,-,35.759166666666665
tm-fixed,07,D2,EW,19.620277777777776
tm-fixed,07,D3,NS,31.438333333333333
tm-fixed,07,D2,NS,35.64472222222222
tm-fixed,07,D4,NS,30.094444444444445
tm-fixed,07,E4,EW,21.08222222222222
tm-fixed,07,C2,NS,50.34
tm-fixed,07,C1,NS,31.849166666666665
tm-fixed,07,D1,EW,8.9275
tm-fixed,07,D3,EW,23.743333333333332
tm-fixed,07,E3,EW,12.598611111111111
tm-fixed,07,E2,NS,5.406666666666666
tm-fixed,07,E1,NS,16.955
tm-fixed,07,D1,NS,24.308611111111112
tm-fixed,07,E1,EW,15.701666666666666
tm-fixed,07,C5,EW,4.402222222222222
tm-fixed,07,F4,EW,2.9066666666666667
tm-fixed,07,F5,NS,3.9225
tm-fixed,07,F3,NS,21.048333333333332
tm-fixed,07,F2,NS,8.340277777777779
tm-fixed,07,E2,EW,23.41138888888889
tm-fixed,07,E3,NS,27.85472222222222
tm-fixed,07,F3,EW,1.0783333333333334
tm-fixed,07,C1,EW,17.711666666666666
tm-fixed,07,C0,NS,14.10361111111111
tm-fixed,07,B0,EW,22.47888888888889
tm-fixed,07,C0,EW,4.551666666666667
tm-fixed,07,B1,NS,-2.76
tm-fixed,07,A0,EW,8.081944444444444
tm-fixed,07,A1,NS,5.313611111111111
tm-fixed,07,A0,NS,6.0488888888888885
tm-fixed,07,A1,EW,2.7919444444444443
tm-fixed,07,A2,NS,-5.3213888888888885
tm-fixed,07,D0,EW,11.020555555555555
tm-fixed,07,E0,EW,9.733333333333333
tm-fixed,07,E5,NS,3.8655555555555554
tm-fixed,07,C5,NS,11.158333333333333
tm-fixed,07,B1,EW,15.515
tm-fixed,07,C4,EW,-12.37111111111111
tm-fixed,07,D0,NS,12.272222222222222
tm-fixed,07,B5,EW,-8.642777777777777
tm-fixed,07,B4,EW,-21.869722222222222
tm-fixed,07,B5,NS,-2.0636111111111113
tm-fixed,07,B0,NS,-9.006388888888889
tm-fixed,07,F1,EW,2.4455555555555555
tm-fixed,07,F2,EW,4.820555555555556
tm-fixed,07,F4,NS,16.139722222222222
tm-fixed,07,F0,EW,1.886111111111111
tm-fixed,07,F1,NS,4.576944444444444
tm-fixed,07,F5,EW,7.517222222222222
tm-fixed,07,F0,NS,0.7083333333333334
tm-fixed,07,B2,NS,-0.43583333333333335
tm-fixed,07,C3,EW,16.412222222222223
tm-fixed,07,A2,EW,-0.6702777777777778
tm-fixed,07,E0,NS,5.2411111111111115
tm-fixed,07,B2,EW,-14.5175
tm-fixed,07,A4,EW,-22.08888888888889
tm-fixed,07,A5,NS,0.8158333333333333
tm-fixed,07,B4,NS,-25.04138888888889
tm-fixed,07,A5,EW,0.6166666666666667
tm-fixed,07,A4,NS,-5.8566666666666665
tm-rl,07,C2,EW,15.053611111111111
tm-rl,07,C3,NS,37.39472222222222
tm-rl,07,C4,NS,40.99027777777778
tm-rl,07,D4,EW,23.628888888888888
tm-rl,07,D5,NS,15.204444444444444
tm-rl,07,E5,EW,18.37388888888889
tm-rl,07,D5,EW,19.462777777777777
tm-rl,07,E4,NS,18.900833333333335
tm-rl,07,trip end,-,36.5925
tm-rl,07,D3,EW,27.825833333333332
tm-rl,07,D4,NS,28.609166666666667
tm-rl,07,E4,EW,22.329444444444444
tm-rl,07,C2,NS,53.221111111111114
tm-rl,07,C1,NS,34.6175
tm-rl,07,D1,EW,7.685277777777777
tm-rl,07,D2,NS,34.93055555555556
tm-rl,07,D2,EW,18.197777777777777
tm-rl,07,E3,EW,14.356388888888889
tm-rl,07,E2,NS,6.5325
tm-rl,07,E1,NS,15.54138888888889
tm-rl,07,C0,NS,12.481944444444444
tm-rl,07,D0,EW,11.468333333333334
tm-rl,07,E0,EW,9.267777777777777
tm-rl,07,C5,EW,0.5205555555555555
tm-rl,07,E5,NS,6.856388888888889
tm-rl,07,F4,EW,3.3152777777777778
tm-rl,07,F3,NS,21.18
tm-rl,07,F2,NS,8.614166666666666
tm-rl,07,E2,EW,25.938055555555554
tm-rl,07,D1,NS,21.42361111111111
tm-rl,07,E3,NS,30.64027777777778
tm-rl,07,F3,EW,1.736388888888889
tm-rl,07,D3,NS,37.326388888888886
tm-rl,07,C1,EW,20.93
tm-rl,07,B0,EW,28.704166666666666
tm-rl,07,C0,EW,11.0575
tm-rl,07,B1,NS,8.615
tm-rl,07,A1,EW,6.2716666666666665
tm-rl,07,A2,NS,-0.6158333333333333
tm-rl,07,A1,NS,3.831111111111111
tm-rl,07,A0,NS,10.37888888888889
tm-rl,07,F1,EW,2.5597222222222222
tm-rl,07,F4,NS,15.411111111111111
tm-rl,07,F5,NS,3.9072222222222224
tm-rl,07,B1,EW,40.149166666666666
tm-rl,07,D0,NS,12.160555555555556
tm-rl,07,C4,EW,-11.730833333333333
tm-rl,07,E1,EW,14.835555555555555
tm-rl,07,B5,EW,-3.781111111111111
tm-rl,07,B4,EW,-24.43722222222222
tm-rl,07,B5,NS,-3.82
tm-rl,07,C5,NS,11.174166666666666
tm-rl,07,B0,NS,-6.268888888888889
tm-rl,07,F5,EW,7.952222222222222
tm-rl,07,F2,EW,4.7347222222222225
tm-rl,07,F0,EW,1.8344444444444445
tm-rl,07,F1,NS,3.9811111111111113
tm-rl,07,F0,NS,0.7088888888888889
tm-rl,07,E0,NS,4.8925
tm-rl,07,B2,NS,-9.873888888888889
tm-rl,07,C3,EW,12.92361111111111
tm-rl,07,A2,EW,-2.9166666666666665
tm-rl,07,B2,EW,-16.166666666666668
tm-rl,07,A4,EW,-17.864444444444445
tm-rl,07,A5,NS,-0.5305555555555556
tm-rl,07,B4,NS,-27.761666666666667
tm-rl,07,A4,NS,-6.190277777777778
tm-rl,07,A0,EW,8.268055555555556
tm-rl,07,A5,EW,-0.1325
tm-fixed,08,C2,EW,6.355
tm-fixed,08,C1,NS,20.150833333333335
tm-fixed,08,D1,EW,4.937777777777778
tm-fixed,08,E1,EW,8.594722222222222
tm-fixed,08,trip end,-,23.130277777777778
tm-fixed,08,C3,NS,44.1
tm-fixed,08,C4,NS,46.174166666666665
tm-fixed,08,D4,EW,19.145
tm-fixed,08,D5,NS,13.736944444444445
tm-fixed,08,E5,EW,18.302777777777777
tm-fixed,08,E4,NS,22.8225
tm-fixed,08,E4,EW,15.006944444444445
tm-fixed,08,C2,NS,47.524166666666666
tm-fixed,08,D2,EW,11.411666666666667
tm-fixed,08,E3,EW,7.751944444444445
tm-fixed,08,E5,NS,2.3983333333333334
tm-fixed,08,D5,EW,16.22972222222222
tm-fixed,08,F4,EW,0.6408333333333334
tm-fixed,08,F3,NS,14.584444444444445
tm-fixed,08,F2,NS,11.38
tm-fixed,08,F1,NS,1.3222222222222222
tm-fixed,08,E3,NS,19.715
tm-fixed,08,D3,EW,15.020277777777778
tm-fixed,08,D2,NS,27.394444444444446
tm-fixed,08,D1,NS,16.932777777777776
tm-fixed,08,A1,EW,-4.171944444444445
tm-fixed,08,A0,NS,0.4111111111111111
tm-fixed,08,B0,EW,4.308055555555556
tm-fixed,08,C0,EW,4.911111111111111
tm-fixed,08,D0,EW,8.374166666666667
tm-fixed,08,E0,EW,10.110555555555555
tm-fixed,08,E1,NS,11.580555555555556
tm-fixed,08,E2,NS,2.6863888888888887
tm-fixed,08,F2,EW,3.306111111111111
tm-fixed,08,F4,NS,15.876111111111111
tm-fixed,08,F5,NS,2.9894444444444446
tm-fixed,08,C5,NS,6.675277777777778
tm-fixed,08,B1,EW,24.105
tm-fixed,08,B0,NS,-10.399166666666666
tm-fixed,08,F1,EW,1.8172222222222223
tm-fixed,08,C1,EW,10.402222222222223
tm-fixed,08,D4,NS,28.42861111111111
tm-fixed,08,C4,EW,-14.647222222222222
tm-fixed,08,C0,NS,8.440555555555555
tm-fixed,08,B1,NS,-10.909444444444444
tm-fixed,08,D3,NS,29.139444444444443
tm-fixed,08,E0,NS,5.268055555555556
tm-fixed,08,E2,EW,17.546666666666667
tm-fixed,08,D0,NS,9.573611111111111
tm-fixed,08,B5,EW,-10.351666666666667
tm-fixed,08,C5,EW,-12.561666666666667
tm-fixed,08,B4,EW,-31.32888888888889
tm-fixed,08,B5,NS,-15.158611111111112
tm-fixed,08,F3,EW,-0.7527777777777778
tm-fixed,08,F5,EW,9.36138888888889
tm-fixed,08,B2,NS,-3.5230555555555556
tm-fixed,08,F0,NS,0.3408333333333333
tm-fixed,08,A1,NS,-2.7288888888888887
tm-fixed,08,F0,EW,1.2891666666666666
tm-fixed,08,A2,EW,-13.061388888888889
tm-fixed,08,B2,EW,-21.65861111111111
tm-fixed,08,A4,EW,-16.523888888888887
tm-fixed,08,A5,NS,-0.11694444444444445
tm-fixed,08,A5,EW,-0.3030555555555556
tm-fixed,08,A4,NS,-3.7402777777777776
tm-fixed,08,C3,EW,24.115555555555556
tm-fixed,08,A2,NS,-1.3463888888888889
tm-fixed,08,B4,NS,-16.029444444444444
tm-fixed,08,A0,EW,2.4930555555555554
tm-rl,08,C2,EW,-2.203333333333333
tm-rl,08,C1,NS,13.730833333333333
tm-rl,08,D1,EW,0.9
tm-rl,08,E1,EW,5.303055555555556
tm-rl,08,trip end,-,11.790277777777778
tm-rl,08,C3,NS,23.851111111111113
tm-rl,08,C2,NS,30.433055555555555
tm-rl,08,C4,NS,38.416666666666664
tm-rl,08,D4,EW,12.1525
tm-rl,08,D5,NS,4.7811111111111115
tm-rl,08,E5,EW,14.219166666666666
tm-rl,08,E4,NS,9.99388888888889
tm-rl,08,D2,EW,6.0938888888888885
tm-rl,08,D3,NS,23.988333333333333
tm-rl,08,D4,NS,15.168888888888889
tm-rl,08,E4,EW,11.596388888888889
tm-rl,08,E3,EW,-1.4877777777777779
tm-rl,08,F4,EW,-2.4547222222222222
tm-rl,08,F3,NS,12.053055555555556
tm-rl,08,F2,NS,7.880277777777778
tm-rl,08,F1,NS,-3.266111111111111
tm-rl,08,E3,NS,13.7125
tm-rl,08,E2,NS,-1.6861111111111111
tm-rl,08,D1,NS,10.655
tm-rl,08,D3,EW,13.00611111111111
tm-rl,08,C1,EW,10.346388888888889
tm-rl,08,B1,EW,35.42055555555555
tm-rl,08,C0,NS,5.658611111111111
tm-rl,08,B0,EW,3.743333333333333
tm-rl,08,B1,NS,1.8777777777777778
tm-rl,08,A1,EW,5.425277777777778
tm-rl,08,A0,NS,0.9936111111111111
tm-rl,08,C0,EW,7.804166666666666
tm-rl,08,D0,EW,3.691388888888889
tm-rl,08,E0,EW,8.671944444444444
tm-rl,08,E1,NS,9.639166666666666
tm-rl,08,A0,EW,1.9166666666666667
tm-rl,08,F2,EW,1.0377777777777777
tm-rl,08,F4,NS,2.087222222222222
tm-rl,08,F5,NS,2.7591666666666668
tm-rl,08,D2,NS,20.411666666666665
tm-rl,08,B2,NS,-10.205
tm-rl,08,A1,NS,-9.23611111111111
tm-rl,08,C5,NS,4.605555555555555
tm-rl,08,D5,EW,8.282777777777778
tm-rl,08,E2,EW,13.588888888888889
tm-rl,08,D0,NS,9.98611111111111
tm-rl,08,C4,EW,-22.89638888888889
tm-rl,08,B5,EW,-13.456944444444444
tm-rl,08,C3,EW,10.917777777777777
tm-rl,08,B0,NS,-8.878333333333334
tm-rl,08,F3,EW,-7.963888888888889
tm-rl,08,F0,EW,1.1088888888888888
tm-rl,08,F5,EW,5.568888888888889
tm-rl,08,E5,NS,1.3755555555555556
tm-rl,08,F1,EW,1.1952777777777779
tm-rl,08,C5,EW,-13.286944444444444
tm-rl,08,B4,EW,-24.015833333333333
tm-rl,08,B5,NS,-13.115277777777777
tm-rl,08,F0,NS,-0.42138888888888887
tm-rl,08,E0,NS,5.170555555555556
tm-rl,08,A2,EW,-11.693333333333333
tm-rl,08,B2,EW,-28.19388888888889
tm-rl,08,A4,EW,-9.968055555555555
tm-rl,08,A5,NS,-0.07472222222222222
tm-rl,08,B4,NS,-21.536944444444444
tm-rl,08,A4,NS,-2.881388888888889
tm-rl,08,A2,NS,0.22055555555555556
tm-rl,08,A5,EW,-0.9541666666666667
tm-fixed,09,C2,EW,-14.949722222222222
tm-fixed,09,C1,NS,11.289166666666667
tm-fixed,09,C0,NS,14.364722222222222
tm-fixed,09,D0,EW,2.5575
tm-fixed,09,E0,EW,6.228888888888889
tm-fixed,09,E1,NS,18.010555555555555
tm-fixed,09,trip end,-,0.6886111111111111
tm-fixed,09,D2,EW,7.935555555555555
tm-fixed,09,D1,NS,17.087222222222223
tm-fixed,09,E1,EW,10.482222222222223
tm-fixed,09,E2,EW,16.981944444444444
tm-fixed,09,F2,EW,2.218888888888889
tm-fixed,09,F3,NS,14.521944444444445
tm-fixed,09,E3,EW,2.9694444444444446
tm-fixed,09,E4,NS,20.974444444444444
tm-fixed,09,C3,NS,26.449444444444445
tm-fixed,09,C4,NS,31.275833333333335
tm-fixed,09,C5,NS,3.4786111111111113
tm-fixed,09,D5,EW,6.793888888888889
tm-fixed,09,D4,NS,16.588333333333335
tm-fixed,09,E4,EW,26.566666666666666
tm-fixed,09,C2,NS,32.80361111111111
tm-fixed,09,F3,EW,-4.888333333333334
tm-fixed,09,F4,NS,6.292777777777777
tm-fixed,09,F5,NS,2.9052777777777776
tm-fixed,09,E5,EW,10.373888888888889
tm-fixed,09,D4,EW,17.27166666666667
tm-fixed,09,D5,NS,9.413611111111111
tm-fixed,09,E3,NS,21.278055555555557
tm-fixed,09,E2,NS,-2.069722222222222
tm-fixed,09,D1,EW,0.5627777777777778
tm-fixed,09,D3,EW,5.975
tm-fixed,09,D2,NS,20.1625
tm-fixed,09,C1,EW,6.200277777777778
tm-fixed,09,B0,EW,8.653055555555556
tm-fixed,09,B1,NS,-22.9475
tm-fixed,09,A1,EW,-4.019722222222223
tm-fixed,09,A0,NS,-5.858333333333333
tm-fixed,09,C0,EW,2.1486111111111112
tm-fixed,09,F4,EW,1.035
tm-fixed,09,F2,NS,8.51
tm-fixed,09,F1,NS,1.166388888888889
tm-fixed,09,B1,EW,11.788611111111111
tm-fixed,09,E0,NS,5.401666666666666
tm-fixed,09,F0,EW,1.0477777777777777
tm-fixed,09,C5,EW,-13.227222222222222
tm-fixed,09,B2,NS,-0.6002777777777778
tm-fixed,09,D3,NS,12.81638888888889
tm-fixed,09,C3,EW,3.8241666666666667
tm-fixed,09,F5,EW,5.381944444444445
tm-fixed,09,D0,NS,9.786111111111111
tm-fixed,09,B0,NS,-16.079722222222223
tm-fixed,09,C4,EW,-21.574166666666667
tm-fixed,09,B5,EW,-15.314722222222223
tm-fixed,09,A5,EW,-0.39444444444444443
tm-fixed,09,E5,NS,3.8969444444444443
tm-fixed,09,F1,EW,2.5730555555555554
tm-fixed,09,B4,EW,-28.753055555555555
tm-fixed,09,B5,NS,-15.795277777777779
tm-fixed,09,A2,EW,-7.555
tm-fixed,09,A1,NS,-3.5019444444444443
tm-fixed,09,A4,EW,-21.5875
tm-fixed,09,A5,NS,1.12
tm-fixed,09,B4,NS,-23.940277777777776
tm-fixed,09,B2,EW,-26.822222222222223
tm-fixed,09,F0,NS,-0.6316666666666667
tm-fixed,09,A0,EW,1.5766666666666667
tm-fixed,09,A4,NS,-2.9277777777777776
tm-fixed,09,A2,NS,3.141111111111111
tm-rl,09,C2,EW,-11.715277777777779
tm-rl,09,C1,NS,4.553333333333334
tm-rl,09,C0,NS,14.764444444444445
tm-rl,09,D0,EW,-0.9558333333333333
tm-rl,09,E0,EW,4.957222222222223
tm-rl,09,E1,NS,18.13
tm-rl,09,trip end,-,5.0713888888888885
tm-rl,09,D2,EW,7.254166666666666
tm-rl,09,D1,NS,14.505
tm-rl,09,E1,EW,8.721666666666666
tm-rl,09,E2,EW,19.35861111111111
tm-rl,09,F2,EW,2.935
tm-rl,09,F3,NS,15.412777777777778
tm-rl,09,E3,EW,7.717777777777778
tm-rl,09,E4,NS,16.989444444444445
tm-rl,09,C3,NS,35.763333333333335
tm-rl,09,C4,NS,39.68555555555555
tm-rl,09,D4,EW,18.911666666666665
tm-rl,09,D3,NS,16.25888888888889
tm-rl,09,D4,NS,24.74111111111111
tm-rl,09,E4,EW,19.662222222222223
tm-rl,09,C2,NS,35.63527777777778
tm-rl,09,F3,EW,-4.798055555555556
tm-rl,09,F4,NS,11.460833333333333
tm-rl,09,F5,NS,2.952777777777778
tm-rl,09,E5,EW,12.683333333333334
tm-rl,09,D5,EW,15.521666666666667
tm-rl,09,E5,NS,4.43
tm-rl,09,E3,NS,20.41722222222222
tm-rl,09,E2,NS,2.0144444444444445
tm-rl,09,D1,EW,-0.1363888888888889
tm-rl,09,D3,EW,4.834444444444444
tm-rl,09,C1,EW,4.526111111111111
tm-rl,09,B0,EW,9.513333333333334
tm-rl,09,B1,NS,-21.475555555555555
tm-rl,09,A1,EW,-9.145277777777778
tm-rl,09,A0,NS,-6.3325
tm-rl,09,C0,EW,8.213611111111112
tm-rl,09,F4,EW,-0.18416666666666667
tm-rl,09,F2,NS,9.048055555555555
tm-rl,09,F1,NS,2.6719444444444442
tm-rl,09,B1,EW,5.0713888888888885
tm-rl,09,E0,NS,6.0875
tm-rl,09,F0,EW,1.0147222222222223
tm-rl,09,C5,EW,-7.964444444444444
tm-rl,09,F1,EW,2.155
tm-rl,09,B2,NS,-10.74611111111111
tm-rl,09,D2,NS,21.22138888888889
tm-rl,09,C3,EW,15.7325
tm-rl,09,A2,EW,-8.3575
tm-rl,09,B2,EW,-21.246666666666666
tm-rl,09,B0,NS,-15.329166666666667
tm-rl,09,C4,EW,-19.259444444444444
tm-rl,09,C5,NS,6.161666666666667
tm-rl,09,B5,EW,-10.395277777777778
tm-rl,09,D5,NS,13.394722222222223
tm-rl,09,A5,EW,-0.2286111111111111
tm-rl,09,A4,NS,-3.9675
tm-rl,09,A5,NS,1.3044444444444445
tm-rl,09,F5,EW,5.600833333333333
tm-rl,09,B4,EW,-24.706944444444446
tm-rl,09,B5,NS,-13.3025
tm-rl,09,A1,NS,-6.6947222222222225
tm-rl,09,F0,NS,-0.6594444444444445
tm-rl,09,A4,EW,-16.855833333333333
tm-rl,09,B4,NS,-22.96611111111111
tm-rl,09,D0,NS,9.338888888888889
tm-rl,09,A2,NS,1.2336111111111112
tm-rl,09,A0,EW,1.3447222222222222
tm-fixed,10,C2,EW,-0.8230555555555555
tm-fixed,10,C3,NS,34.69916666666666
tm-fixed,10,D3,EW,17.85388888888889
tm-fixed,10,D4,NS,24.97111111111111
tm-fixed,10,E4,EW,17.093888888888888
tm-fixed,10,trip end,-,17.314444444444444
tm-fixed,10,E3,EW,8.248333333333333
tm-fixed,10,E4,NS,12.711944444444445
tm-fixed,10,C2,NS,40.87083333333333
tm-fixed,10,D2,EW,11.54
tm-fixed,10,C1,NS,14.34
tm-fixed,10,D1,EW,6.631944444444445
tm-fixed,10,D2,NS,22.85972222222222
tm-fixed,10,D1,NS,14.063333333333333
tm-fixed,10,D0,NS,13.525833333333333
tm-fixed,10,E0,EW,6.605
tm-fixed,10,E1,NS,18.231666666666666
tm-fixed,10,E2,EW,19.510833333333334
tm-fixed,10,D4,EW,20.260555555555555
tm-fixed,10,D5,NS,13.197777777777778
tm-fixed,10,C5,EW,-9.203888888888889
tm-fixed,10,D5,EW,18.170277777777777
tm-fixed,10,E5,NS,5.136666666666667
tm-fixed,10,F4,EW,2.7047222222222222
tm-fixed,10,F3,NS,11.884166666666667
tm-fixed,10,F2,NS,9.327777777777778
tm-fixed,10,F1,NS,9.645277777777778
tm-fixed,10,F0,NS,0.8719444444444444
tm-fixed,10,E3,NS,22.275277777777777
tm-fixed,10,E1,EW,7.243055555555555
tm-fixed,10,C1,EW,11.414722222222222
tm-fixed,10,C0,NS,17.903055555555557
tm-fixed,10,B0,EW,25.204444444444444
tm-fixed,10,C0,EW,8.282777777777778
tm-fixed,10,B1,NS,-3.8
tm-fixed,10,B1,EW,21.918055555555554
tm-fixed,10,A2,EW,-14.136111111111111
tm-fixed,10,B2,EW,-21.33
tm-fixed,10,A1,NS,-11.696944444444444
tm-fixed,10,B0,NS,-14.91388888888889
tm-fixed,10,A1,EW,-4.9925
tm-fixed,10,A0,NS,-2.04
tm-fixed,10,D0,EW,9.92
tm-fixed,10,E2,NS,2.87
tm-fixed,10,D3,NS,27.275833333333335
tm-fixed,10,C3,EW,10.987222222222222
tm-fixed,10,E0,NS,4.904722222222222
tm-fixed,10,E5,EW,15.931111111111111
tm-fixed,10,F1,EW,1.4227777777777777
tm-fixed,10,F2,EW,2.5641666666666665
tm-fixed,10,C4,EW,-4.031944444444444
tm-fixed,10,C5,NS,6.386111111111111
tm-fixed,10,F5,EW,7.316388888888889
tm-fixed,10,F4,NS,9.2175
tm-fixed,10,C4,NS,37.28944444444444
tm-fixed,10,B5,EW,-8.450555555555555
tm-fixed,10,B4,EW,-15.067222222222222
tm-fixed,10,B5,NS,-9.782777777777778
tm-fixed,10,A2,NS,-12.06638888888889
tm-fixed,10,A0,EW,3.211388888888889
tm-fixed,10,B2,NS,-1.4355555555555555
tm-fixed,10,F0,EW,0.9422222222222222
tm-fixed,10,F3,EW,-3.9930555555555554
tm-fixed,10,A4,EW,-8.059444444444445
tm-fixed,10,A5,NS,2.9994444444444444
tm-fixed,10,A5,EW,0.5597222222222222
tm-fixed,10,A4,NS,-0.9141666666666667
tm-fixed,10,B4,NS,-10.500833333333333
tm-fixed,10,F5,NS,2.1405555555555558
tm-rl,10,C2,EW,-7.69
tm-rl,10,C3,NS,35.1925
tm-rl,10,D3,EW,11.678888888888888
tm-rl,10,D4,NS,17.614444444444445
tm-rl,10,E4,EW,16.74888888888889
tm-rl,10,trip end,-,12.789722222222222
tm-rl,10,C2,NS,29.9275
tm-rl,10,D2,EW,6.5616666666666665
tm-rl,10,D1,NS,10.2975
tm-rl,10,D0,NS,12.523333333333333
tm-rl,10,E0,EW,6.056666666666667
tm-rl,10,E1,NS,14.989166666666666
tm-rl,10,E1,EW,6.35
tm-rl,10,E3,EW,4.030277777777778
tm-rl,10,E4,NS,13.244166666666667
tm-rl,10,D4,EW,15.226944444444445
tm-rl,10,D5,NS,8.341666666666667
tm-rl,10,C5,EW,-12.135833333333334
tm-rl,10,D5,EW,14.966388888888888
tm-rl,10,F3,EW,-2.2505555555555556
tm-rl,10,F4,NS,9.786111111111111
tm-rl,10,F5,NS,1.6205555555555555
tm-rl,10,E5,EW,13.416666666666666
tm-rl,10,F4,EW,0.29138888888888886
tm-rl,10,F3,NS,11.373333333333333
tm-rl,10,F2,NS,8.740833333333333
tm-rl,10,F1,NS,8.910277777777777
tm-rl,10,F0,NS,0.8611111111111112
tm-rl,10,D1,EW,4.7636111111111115
tm-rl,10,E3,NS,22.689444444444444
tm-rl,10,D2,NS,19.644166666666667
tm-rl,10,E2,EW,16.557777777777776
tm-rl,10,C1,EW,7.099444444444444
tm-rl,10,C0,NS,19.587222222222223
tm-rl,10,B0,EW,20.263333333333332
tm-rl,10,C0,EW,7.9775
tm-rl,10,B1,NS,-11.774166666666666
tm-rl,10,A2,EW,-21.8425
tm-rl,10,B2,EW,-30.580555555555556
tm-rl,10,A1,NS,-13.501944444444444
tm-rl,10,A0,NS,-3.7216666666666667
tm-rl,10,D0,EW,6.488611111111111
tm-rl,10,B1,EW,7.713888888888889
tm-rl,10,B0,NS,-15.428888888888888
tm-rl,10,C1,NS,4.638888888888889
tm-rl,10,E2,NS,0.18
tm-rl,10,D3,NS,19.23611111111111
tm-rl,10,E0,NS,4.5697222222222225
tm-rl,10,B5,EW,0.33944444444444444
tm-rl,10,A5,EW,0.7113888888888888
tm-rl,10,E5,NS,2.9280555555555554
tm-rl,10,F1,EW,1.6858333333333333
tm-rl,10,F0,EW,0.7875
tm-rl,10,C4,EW,-15.676944444444445
tm-rl,10,C5,NS,6.123888888888889
tm-rl,10,F5,EW,7.388333333333334
tm-rl,10,C4,NS,36.19777777777778
tm-rl,10,A4,NS,-1.3508333333333333
tm-rl,10,A5,NS,2.7725
tm-rl,10,B4,EW,-20.177777777777777
tm-rl,10,B5,NS,-10.079444444444444
tm-rl,10,A1,EW,-10.748055555555556
tm-rl,10,A2,NS,-8.511666666666667
tm-rl,10,A0,EW,3.0613888888888887
tm-rl,10,B2,NS,7.235833333333333
tm-rl,10,F2,EW,1.5997222222222223
tm-rl,10,C3,EW,11.973611111111111
tm-rl,10,A4,EW,-6.469444444444444
tm-rl,10,B4,NS,-18.622777777777777
tm-rl,10,teleport (trip ended by teleport),-,-0.0002777777777777778
tm-fixed,default,C2,EW,-9.3
tm-fixed,default,D2,EW,13.096666666666666
tm-fixed,default,E2,EW,13.95111111111111
tm-fixed,default,F2,EW,2.6147222222222224
tm-fixed,default,F1,NS,0.5966666666666667
tm-fixed,default,E1,EW,5.759166666666666
tm-fixed,default,trip end,-,14.185
tm-fixed,default,C1,NS,16.64
tm-fixed,default,D1,EW,1.3525
tm-fixed,default,C3,NS,30.721944444444443
tm-fixed,default,C4,NS,31.18888888888889
tm-fixed,default,D4,EW,19.50888888888889
tm-fixed,default,E4,EW,9.896666666666667
tm-fixed,default,D5,NS,4.016944444444444
tm-fixed,default,D4,NS,24.044166666666666
tm-fixed,default,C2,NS,32.95361111111111
tm-fixed,default,E3,EW,2.773888888888889
tm-fixed,default,E4,NS,17.985833333333332
tm-fixed,default,E5,NS,1.3708333333333333
tm-fixed,default,D5,EW,9.251111111111111
tm-fixed,default,E3,NS,20.145
tm-fixed,default,E2,NS,-0.2613888888888889
tm-fixed,default,E1,NS,11.873333333333333
tm-fixed,default,D3,EW,16.350277777777777
tm-fixed,default,D2,NS,21.5825
tm-fixed,default,D1,NS,9.313888888888888
tm-fixed,default,A1,EW,5.567777777777778
tm-fixed,default,A0,NS,4.2811111111111115
tm-fixed,default,B0,EW,15.883611111111112
tm-fixed,default,C0,EW,4.140833333333333
tm-fixed,default,D0,EW,6.470277777777778
tm-fixed,default,E0,EW,9.608611111111111
tm-fixed,default,F4,EW,-4.776944444444444
tm-fixed,default,F3,NS,17.08861111111111
tm-fixed,default,F2,NS,6.651666666666666
tm-fixed,default,D3,NS,27.960555555555555
tm-fixed,default,F5,EW,5.436944444444444
tm-fixed,default,E5,EW,12.442222222222222
tm-fixed,default,A2,EW,-10.058333333333334
tm-fixed,default,A1,NS,-2.0597222222222222
tm-fixed,default,B1,EW,18.769444444444446
tm-fixed,default,B2,NS,-10.397777777777778
tm-fixed,default,C1,EW,6.043333333333333
tm-fixed,default,F3,EW,-6.288888888888889
tm-fixed,default,F0,NS,0.6733333333333333
tm-fixed,default,C0,NS,12.257222222222222
tm-fixed,default,B1,NS,-4.821944444444444
tm-fixed,default,B0,NS,-13.174722222222222
tm-fixed,default,F0,EW,1.5772222222222223
tm-fixed,default,F4,NS,8.931111111111111
tm-fixed,default,C5,EW,-21.0325
tm-fixed,default,B5,EW,-3.727777777777778
tm-fixed,default,C3,EW,7.026111111111111
tm-fixed,default,C5,NS,2.3769444444444443
tm-fixed,default,C4,EW,-25.05472222222222
tm-fixed,default,F1,EW,1.5344444444444445
tm-fixed,default,B4,EW,-28.16611111111111
tm-fixed,default,B5,NS,-19.205555555555556
tm-fixed,default,A2,NS,5.142222222222222
tm-fixed,default,B2,EW,-15.690555555555555
tm-fixed,default,B4,NS,-27.23138888888889
tm-fixed,default,E0,NS,4.498055555555555
tm-fixed,default,D0,NS,7.6561111111111115
tm-fixed,default,A4,EW,-17.064444444444444
tm-fixed,default,A5,NS,4.608055555555556
tm-fixed,default,A0,EW,5.261111111111111
tm-fixed,default,F5,NS,3.5625
tm-fixed,default,A5,EW,0.9697222222222223
tm-fixed,default,A4,NS,-0.4727777777777778
tm-rl,default,C2,EW,8.795277777777779
tm-rl,default,D2,EW,14.426944444444445
tm-rl,default,E2,EW,20.671388888888888
tm-rl,default,F2,EW,3.5319444444444446
tm-rl,default,F1,NS,2.8141666666666665
tm-rl,default,E1,EW,9.624166666666667
tm-rl,default,trip end,-,16.810555555555556
tm-rl,default,C1,NS,20.7975
tm-rl,default,D1,EW,6.689166666666667
tm-rl,default,C3,NS,54.85916666666667
tm-rl,default,C4,NS,40.58611111111111
tm-rl,default,D4,EW,33.11694444444444
tm-rl,default,E4,EW,24.664444444444445
tm-rl,default,C2,NS,49.7675
tm-rl,default,E3,EW,12.200277777777778
tm-rl,default,E4,NS,34.16
tm-rl,default,E5,NS,6.591944444444445
tm-rl,default,D5,EW,17.86888888888889
tm-rl,default,E3,NS,28.938055555555554
tm-rl,default,E2,NS,1.0572222222222223
tm-rl,default,E1,NS,11.296944444444444
tm-rl,default,D1,NS,13.022777777777778
tm-rl,default,D3,EW,23.7875
tm-rl,default,D2,NS,24.0975
tm-rl,default,D4,NS,48.018055555555556
tm-rl,default,A1,EW,1.9747222222222223
tm-rl,default,A0,NS,-1.8269444444444445
tm-rl,default,B0,EW,11.249166666666667
tm-rl,default,C0,EW,8.226666666666667
tm-rl,default,D0,EW,7.923055555555556
tm-rl,default,E0,EW,11.135
tm-rl,default,B1,EW,16.148611111111112
tm-rl,default,B0,NS,-15.697222222222223
tm-rl,default,F4,EW,2.23
tm-rl,default,F3,NS,20.30638888888889
tm-rl,default,F2,NS,8.991666666666667
tm-rl,default,D3,NS,35.42
tm-rl,default,F5,EW,8.077222222222222
tm-rl,default,E5,EW,18.749444444444446
tm-rl,default,C5,NS,4.491944444444444
tm-rl,default,A2,EW,-7.331666666666667
tm-rl,default,A1,NS,-5.145555555555555
tm-rl,default,B2,EW,-20.0825
tm-rl,default,B1,NS,-6.799444444444444
tm-rl,default,C1,EW,9.13111111111111
tm-rl,default,B2,NS,-6.906944444444444
tm-rl,default,F3,EW,0.4563888888888889
tm-rl,default,F0,NS,1.2683333333333333
tm-rl,default,C0,NS,14.726666666666667
tm-rl,default,C4,EW,-4.151111111111111
tm-rl,default,F0,EW,1.7047222222222222
tm-rl,default,F4,NS,19.730833333333333
tm-rl,default,D0,NS,8.074444444444444
tm-rl,default,D5,NS,11.234722222222222
tm-rl,default,C5,EW,-15.408055555555556
tm-rl,default,B5,EW,-8.080833333333333
tm-rl,default,B4,EW,-19.386666666666667
tm-rl,default,B5,NS,-21.72833333333333
tm-rl,default,F1,EW,1.7769444444444444
tm-rl,default,A2,NS,-4.885
tm-rl,default,B4,NS,-23.942222222222224
tm-rl,default,C3,EW,12.983888888888888
tm-rl,default,E0,NS,4.5925
tm-rl,default,A0,EW,4.543333333333333
tm-rl,default,A4,EW,-15.51361111111111
tm-rl,default,A5,NS,6.719444444444444
tm-rl,default,A5,EW,1.1158333333333332
tm-rl,default,A4,NS,1.0563888888888888
tm-rl,default,F5,NS,4.233055555555556
