time,tls,d0,d1,d2,d3
0,A0,59,10,11,10
0,A1,24,22,22,22
0,A2,10,12,58,10
0,A4,60,10,10,10
0,A5,25,36,18,11
0,B0,24,22,22,22
0,B1,14,54,11,11
0,B2,24,22,22,22
0,B4,24,22,22,22
0,B5,60,10,10,10
0,C0,11,14,47,18
0,C1,24,22,22,22
0,C2,54,16,10,10
0,C3,60,10,10,10
0,C4,36,10,34,10
0,C5,57,11,11,11
0,D0,24,22,22,22
0,D1,11,13,47,19
0,D2,57,11,11,11
0,D3,24,22,22,22
0,D4,24,22,22,22
0,D5,11,10,58,11
0,E0,24,22,22,22
0,E1,24,22,22,22
0,E2,24,22,22,22
0,E3,60,10,10,10
0,E4,11,11,57,11
0,E5,10,10,60,10
0,F0,24,22,22,22
0,F1,24,22,22,22
0,F2,60,10,10,10
0,F3,60,10,10,10
0,F4,24,22,22,22
0,F5,10,60,10,10
90,A0,57,11,11,11
90,A1,24,22,22,22
90,A2,10,12,58,10
90,A4,60,10,10,10
90,A5,35,25,15,15
90,B0,24,22,22,22
90,B1,12,54,12,12
90,B2,24,22,22,22
90,B4,24,22,22,22
90,B5,60,10,10,10
90,C0,13,13,46,18
90,C1,24,22,22,22
90,C2,55,15,10,10
90,C3,60,10,10,10
90,C4,47,11,21,11
90,C5,57,11,11,11
90,D0,24,22,22,22
90,D1,12,12,51,15
90,D2,57,11,11,11
90,D3,24,22,22,22
90,D4,24,22,22,22
90,D5,11,11,57,11
90,E0,24,22,22,22
90,E1,24,22,22,22
90,E2,24,22,22,22
90,E3,60,10,10,10
90,E4,11,11,57,11
90,E5,10,10,60,10
90,F0,24,22,22,22
90,F1,24,22,22,22
90,F2,60,10,10,10
90,F3,60,10,10,10
90,F4,24,22,22,22
90,F5,10,60,10,10
180,A0,57,11,11,11
180,A1,24,22,22,22
180,A2,11,11,57,11
180,A4,60,10,10,10
180,A5,30,20,20,20
180,B0,24,22,22,22
180,B1,15,45,15,15
180,B2,24,22,22,22
180,B4,24,22,22,22
180,B5,60,10,10,10
180,C0,16,16,42,16
180,C1,24,22,22,22
180,C2,56,14,10,10
180,C3,60,10,10,10
180,C4,53,11,15,11
180,C5,57,11,11,11
180,D0,24,22,22,22
180,D1,14,14,48,14
180,D2,51,13,13,13
180,D3,24,22,22,22
180,D4,24,22,22,22
180,D5,11,11,57,11
180,E0,24,22,22,22
180,E1,24,22,22,22
180,E2,24,22,22,22
180,E3,60,10,10,10
180,E4,11,11,57,11
180,E5,10,10,60,10
180,F0,24,22,22,22
180,F1,24,22,22,22
180,F2,60,10,10,10
180,F3,60,10,10,10
180,F4,24,22,22,22
180,F5,10,60,10,10
270,A0,57,11,11,11
270,A1,24,22,22,22
270,A2,10,10,60,10
270,A4,60,10,10,10
270,A5,30,20,20,20
270,B0,24,22,22,22
270,B1,16,42,16,16
270,B2,24,22,22,22
270,B4,24,22,22,22
270,B5,60,10,10,10
270,C0,18,18,36,18
270,C1,24,22,22,22
270,C2,58,12,10,10
270,C3,60,10,10,10
270,C4,55,11,13,11
270,C5,57,11,11,11
270,D0,24,22,22,22
270,D1,16,16,42,16
270,D2,48,14,14,14
270,D3,24,22,22,22
270,D4,24,22,22,22
270,D5,12,12,54,12
270,E0,24,22,22,22
270,E1,24,22,22,22
270,E2,24,22,22,22
270,E3,60,10,10,10
270,E4,11,11,57,11
270,E5,10,10,60,10
270,F0,24,22,22,22
270,F1,24,22,22,22
270,F2,60,10,10,10
270,F3,60,10,10,10
270,F4,24,22,22,22
270,F5,10,60,10,10
360,A0,54,12,12,12
360,A1,24,22,22,22
360,A2,11,11,57,11
360,A4,60,10,10,10
360,A5,30,20,20,20
360,B0,24,22,22,22
360,B1,20,30,20,20
360,B2,24,22,22,22
360,B4,24,22,22,22
360,B5,60,10,10,10
360,C0,20,20,30,20
360,C1,24,22,22,22
360,C2,58,12,10,10
360,C3,60,10,10,10
360,C4,57,11,11,11
360,C5,57,11,11,11
360,D0,24,22,22,22
360,D1,18,18,36,18
360,D2,45,15,15,15
360,D3,24,22,22,22
360,D4,24,22,22,22
360,D5,13,13,51,13
360,E0,24,22,22,22
360,E1,24,22,22,22
360,E2,24,22,22,22
360,E3,60,10,10,10
360,E4,11,11,57,11
360,E5,10,10,60,10
360,F0,24,22,22,22
360,F1,24,22,22,22
360,F2,60,10,10,10
360,F3,60,10,10,10
360,F4,24,22,22,22
360,F5,10,60,10,10
450,A0,54,12,12,12
450,A1,24,22,22,22
450,A2,11,11,57,11
450,A4,60,10,10,10
450,A5,27,21,21,21
450,B0,24,22,22,22
450,B1,20,30,20,20
450,B2,24,22,22,22
450,B4,24,22,22,22
450,B5,60,10,10,10
450,C0,20,20,30,20
450,C1,24,22,22,22
450,C2,58,12,10,10
450,C3,60,10,10,10
450,C4,57,11,11,11
450,C5,57,11,11,11
450,D0,24,22,22,22
450,D1,19,19,33,19
450,D2,45,15,15,15
450,D3,24,22,22,22
450,D4,24,22,22,22
450,D5,12,12,54,12
450,E0,24,22,22,22
450,E1,24,22,22,22
450,E2,24,22,22,22
450,E3,60,10,10,10
450,E4,11,11,57,11
450,E5,10,10,60,10
450,F0,24,22,22,22
450,F1,24,22,22,22
450,F2,60,10,10,10
450,F3,60,10,10,10
450,F4,24,22,22,22
450,F5,10,60,10,10
540,A0,54,12,12,12
540,A1,24,22,22,22
540,A2,11,11,57,11
540,A4,60,10,10,10
540,A5,27,21,21,21
540,B0,24,22,22,22
540,B1,20,30,20,20
540,B2,24,22,22,22
540,B4,24,22,22,22
540,B5,60,10,10,10
540,C0,20,20,30,20
540,C1,24,22,22,22
540,C2,58,12,10,10
540,C3,60,10,10,10
540,C4,60,10,10,10
540,C5,57,11,11,11
540,D0,24,22,22,22
540,D1,18,18,36,18
540,D2,45,15,15,15
540,D3,24,22,22,22
540,D4,24,22,22,22
540,D5,12,12,54,12
540,E0,24,22,22,22
540,E1,24,22,22,22
540,E2,24,22,22,22
540,E3,60,10,10,10
540,E4,11,11,57,11
540,E5,10,10,60,10
540,F0,24,22,22,22
540,F1,24,22,22,22
540,F2,60,10,10,10
540,F3,60,10,10,10
540,F4,24,22,22,22
540,F5,10,60,10,10
630,A0,51,13,13,13
630,A1,24,22,22,22
630,A2,11,11,57,11
630,A4,60,10,10,10
630,A5,24,22,22,22
630,B0,24,22,22,22
630,B1,21,27,21,21
630,B2,24,22,22,22
630,B4,24,22,22,22
630,B5,60,10,10,10
630,C0,20,20,30,20
630,C1,24,22,22,22
630,C2,58,12,10,10
630,C3,60,10,10,10
630,C4,57,11,11,11
630,C5,57,11,11,11
630,D0,24,22,22,22
630,D1,19,19,33,19
630,D2,45,15,15,15
630,D3,24,22,22,22
630,D4,24,22,22,22
630,D5,13,13,51,13
630,E0,24,22,22,22
630,E1,24,22,22,22
630,E2,24,22,22,22
630,E3,60,10,10,10
630,E4,11,11,57,11
630,E5,10,10,60,10
630,F0,24,22,22,22
630,F1,24,22,22,22
630,F2,60,10,10,10
630,F3,60,10,10,10
630,F4,24,22,22,22
630,F5,10,60,10,10
720,A0,54,12,12,12
720,A1,24,22,22,22
720,A2,11,11,57,11
720,A4,60,10,10,10
720,A5,30,20,20,20
720,B0,24,22,22,22
720,B1,20,30,20,20
720,B2,24,22,22,22
720,B4,24,22,22,22
720,B5,60,10,10,10
720,C0,20,20,30,20
720,C1,24,22,22,22
720,C2,59,11,10,10
720,C3,60,10,10,10
720,C4,59,10,11,10
720,C5,57,11,11,11
720,D0,24,22,22,22
720,D1,18,18,36,18
720,D2,45,15,15,15
720,D3,24,22,22,22
720,D4,24,22,22,22
720,D5,12,12,54,12
720,E0,24,22,22,22
720,E1,24,22,22,22
720,E2,24,22,22,22
720,E3,60,10,10,10
720,E4,11,11,57,11
720,E5,10,10,60,10
720,F0,24,22,22,22
720,F1,24,22,22,22
720,F2,60,10,10,10
720,F3,60,10,10,10
720,F4,24,22,22,22
720,F5,10,60,10,10
810,A0,54,12,12,12
810,A1,24,22,22,22
810,A2,11,11,57,11
810,A4,60,10,10,10
810,A5,27,21,21,21
810,B0,24,22,22,22
810,B1,19,33,19,19
810,B2,24,22,22,22
810,B4,24,22,22,22
810,B5,60,10,10,10
810,C0,21,21,27,21
810,C1,24,22,22,22
810,C2,58,12,10,10
810,C3,60,10,10,10
810,C4,59,10,11,10
810,C5,57,11,11,11
810,D0,24,22,22,22
810,D1,19,19,33,19
810,D2,48,14,14,14
810,D3,24,22,22,22
810,D4,24,22,22,22
810,D5,12,12,54,12
810,E0,24,22,22,22
810,E1,24,22,22,22
810,E2,24,22,22,22
810,E3,60,10,10,10
810,E4,11,11,57,11
810,E5,10,10,60,10
810,F0,24,22,22,22
810,F1,24,22,22,22
810,F2,60,10,10,10
810,F3,60,10,10,10
810,F4,24,22,22,22
810,F5,10,60,10,10
900,A0,54,12,12,12
900,A1,24,22,22,22
900,A2,11,11,57,11
900,A4,60,10,10,10
900,A5,24,22,22,22
900,B0,24,22,22,22
900,B1,18,36,18,18
900,B2,24,22,22,22
900,B4,24,22,22,22
900,B5,60,10,10,10
900,C0,21,21,27,21
900,C1,24,22,22,22
900,C2,56,14,10,10
900,C3,60,10,10,10
900,C4,57,11,11,11
900,C5,57,11,11,11
900,D0,24,22,22,22
900,D1,19,19,33,19
900,D2,45,15,15,15
900,D3,24,22,22,22
900,D4,24,22,22,22
900,D5,13,13,51,13
900,E0,24,22,22,22
900,E1,24,22,22,22
900,E2,24,22,22,22
900,E3,60,10,10,10
900,E4,11,11,57,11
900,E5,10,10,60,10
900,F0,24,22,22,22
900,F1,24,22,22,22
900,F2,60,10,10,10
900,F3,60,10,10,10
900,F4,24,22,22,22
900,F5,10,60,10,10
990,A0,54,12,12,12
990,A1,24,22,22,22
990,A2,11,11,57,11
990,A4,60,10,10,10
990,A5,27,21,21,21
990,B0,24,22,22,22
990,B1,19,33,19,19
990,B2,24,22,22,22
990,B4,24,22,22,22
990,B5,60,10,10,10
990,C0,19,19,33,19
990,C1,24,22,22,22
990,C2,57,13,10,10
990,C3,60,10,10,10
990,C4,57,11,11,11
990,C5,57,11,11,11
990,D0,24,22,22,22
990,D1,19,19,33,19
990,D2,45,15,15,15
990,D3,24,22,22,22
990,D4,24,22,22,22
990,D5,12,12,54,12
990,E0,24,22,22,22
990,E1,24,22,22,22
990,E2,24,22,22,22
990,E3,60,10,10,10
990,E4,11,11,57,11
990,E5,10,10,60,10
990,F0,24,22,22,22
990,F1,24,22,22,22
990,F2,60,10,10,10
990,F3,60,10,10,10
990,F4,24,22,22,22
990,F5,10,60,10,10
1080,A0,54,12,12,12
1080,A1,24,22,22,22
1080,A2,11,11,57,11
1080,A4,60,10,10,10
1080,A5,27,21,21,21
1080,B0,24,22,22,22
1080,B1,21,27,21,21
1080,B2,24,22,22,22
1080,B4,24,22,22,22
1080,B5,60,10,10,10
1080,C0,20,20,30,20
1080,C1,24,22,22,22
1080,C2,58,12,10,10
1080,C3,60,10,10,10
1080,C4,60,10,10,10
1080,C5,57,11,11,11
1080,D0,24,22,22,22
1080,D1,19,19,33,19
1080,D2,48,14,14,14
1080,D3,24,22,22,22
1080,D4,24,22,22,22
1080,D5,13,13,51,13
1080,E0,24,22,22,22
1080,E1,24,22,22,22
1080,E2,24,22,22,22
1080,E3,60,10,10,10
1080,E4,11,11,57,11
1080,E5,10,10,60,10
1080,F0,24,22,22,22
1080,F1,24,22,22,22
1080,F2,60,10,10,10
1080,F3,60,10,10,10
1080,F4,24,22,22,22
1080,F5,10,60,10,10
1170,A0,51,13,13,13
1170,A1,24,22,22,22
1170,A2,11,11,57,11
1170,A4,60,10,10,10
1170,A5,27,21,21,21
1170,B0,24,22,22,22
1170,B1,21,27,21,21
1170,B2,24,22,22,22
1170,B4,24,22,22,22
1170,B5,60,10,10,10
1170,C0,21,21,27,21
1170,C1,24,22,22,22
1170,C2,58,12,10,10
1170,C3,60,10,10,10
1170,C4,57,11,11,11
1170,C5,57,11,11,11
1170,D0,24,22,22,22
1170,D1,20,20,30,20
1170,D2,48,14,14,14
1170,D3,24,22,22,22
1170,D4,24,22,22,22
1170,D5,13,13,51,13
1170,E0,24,22,22,22
1170,E1,24,22,22,22
1170,E2,24,22,22,22
1170,E3,60,10,10,10
1170,E4,11,11,57,11
1170,E5,10,10,60,10
1170,F0,24,22,22,22
1170,F1,24,22,22,22
1170,F2,60,10,10,10
1170,F3,60,10,10,10
1170,F4,24,22,22,22
1170,F5,10,60,10,10
1260,A0,51,13,13,13
1260,A1,24,22,22,22
1260,A2,11,11,57,11
1260,A4,60,10,10,10
1260,A5,27,21,21,21
1260,B0,24,22,22,22
1260,B1,22,24,22,22
1260,B2,24,22,22,22
1260,B4,24,22,22,22
1260,B5,60,10,10,10
1260,C0,20,20,30,20
1260,C1,24,22,22,22
1260,C2,58,12,10,10
1260,C3,60,10,10,10
1260,C4,60,10,10,10
1260,C5,57,11,11,11
1260,D0,24,22,22,22
1260,D1,19,19,33,19
1260,D2,48,14,14,14
1260,D3,24,22,22,22
1260,D4,24,22,22,22
1260,D5,13,13,51,13
1260,E0,24,22,22,22
1260,E1,24,22,22,22
1260,E2,24,22,22,22
1260,E3,60,10,10,10
1260,E4,11,11,57,11
1260,E5,10,10,60,10
1260,F0,24,22,22,22
1260,F1,24,22,22,22
1260,F2,60,10,10,10
1260,F3,60,10,10,10
1260,F4,24,22,22,22
1260,F5,10,60,10,10
1350,A0,54,12,12,12
1350,A1,24,22,22,22
1350,A2,11,11,57,11
1350,A4,60,10,10,10
1350,A5,33,19,19,19
1350,B0,24,22,22,22
1350,B1,21,27,21,21
1350,B2,24,22,22,22
1350,B4,24,22,22,22
1350,B5,60,10,10,10
1350,C0,20,20,30,20
1350,C1,24,22,22,22
1350,C2,58,12,10,10
1350,C3,60,10,10,10
1350,C4,60,10,10,10
1350,C5,57,11,11,11
1350,D0,24,22,22,22
1350,D1,18,18,36,18
1350,D2,51,13,13,13
1350,D3,24,22,22,22
1350,D4,24,22,22,22
1350,D5,12,12,54,12
1350,E0,24,22,22,22
1350,E1,24,22,22,22
1350,E2,24,22,22,22
1350,E3,60,10,10,10
1350,E4,11,11,57,11
1350,E5,10,10,60,10
1350,F0,24,22,22,22
1350,F1,24,22,22,22
1350,F2,60,10,10,10
1350,F3,60,10,10,10
1350,F4,24,22,22,22
1350,F5,10,60,10,10
1440,A0,54,12,12,12
1440,A1,24,22,22,22
1440,A2,11,11,57,11
1440,A4,60,10,10,10
1440,A5,27,21,21,21
1440,B0,24,22,22,22
1440,B1,22,24,22,22
1440,B2,24,22,22,22
1440,B4,24,22,22,22
1440,B5,60,10,10,10
1440,C0,20,20,30,20
1440,C1,24,22,22,22
1440,C2,58,12,10,10
1440,C3,60,10,10,10
1440,C4,60,10,10,10
1440,C5,57,11,11,11
1440,D0,24,22,22,22
1440,D1,19,19,33,19
1440,D2,45,15,15,15
1440,D3,24,22,22,22
1440,D4,24,22,22,22
1440,D5,13,13,51,13
1440,E0,24,22,22,22
1440,E1,24,22,22,22
1440,E2,24,22,22,22
1440,E3,60,10,10,10
1440,E4,11,11,57,11
1440,E5,10,10,60,10
1440,F0,24,22,22,22
1440,F1,24,22,22,22
1440,F2,60,10,10,10
1440,F3,60,10,10,10
1440,F4,24,22,22,22
1440,F5,10,60,10,10
1530,A0,51,13,13,13
1530,A1,24,22,22,22
1530,A2,11,11,57,11
1530,A4,60,10,10,10
1530,A5,30,20,20,20
1530,B0,24,22,22,22
1530,B1,21,27,21,21
1530,B2,24,22,22,22
1530,B4,24,22,22,22
1530,B5,60,10,10,10
1530,C0,21,21,27,21
1530,C1,24,22,22,22
1530,C2,57,13,10,10
1530,C3,60,10,10,10
1530,C4,60,10,10,10
1530,C5,57,11,11,11
1530,D0,24,22,22,22
1530,D1,20,20,30,20
1530,D2,48,14,14,14
1530,D3,24,22,22,22
1530,D4,24,22,22,22
1530,D5,12,12,54,12
1530,E0,24,22,22,22
1530,E1,24,22,22,22
1530,E2,24,22,22,22
1530,E3,60,10,10,10
1530,E4,11,11,57,11
1530,E5,10,10,60,10
1530,F0,24,22,22,22
1530,F1,24,22,22,22
1530,F2,60,10,10,10
1530,F3,60,10,10,10
1530,F4,24,22,22,22
1530,F5,10,60,10,10
1620,A0,51,13,13,13
1620,A1,24,22,22,22
1620,A2,11,11,57,11
1620,A4,60,10,10,10
1620,A5,30,20,20,20
1620,B0,24,22,22,22
1620,B1,24,22,22,22
1620,B2,24,22,22,22
1620,B4,24,22,22,22
1620,B5,60,10,10,10
1620,C0,22,22,24,22
1620,C1,24,22,22,22
1620,C2,58,12,10,10
1620,C3,60,10,10,10
1620,C4,60,10,10,10
1620,C5,57,11,11,11
1620,D0,24,22,22,22
1620,D1,21,21,27,21
1620,D2,45,15,15,15
1620,D3,24,22,22,22
1620,D4,24,22,22,22
1620,D5,12,12,54,12
1620,E0,24,22,22,22
1620,E1,24,22,22,22
1620,E2,24,22,22,22
1620,E3,60,10,10,10
1620,E4,11,11,57,11
1620,E5,10,10,60,10
1620,F0,24,22,22,22
1620,F1,24,22,22,22
1620,F2,60,10,10,10
1620,F3,60,10,10,10
1620,F4,24,22,22,22
1620,F5,10,60,10,10
1710,A0,51,13,13,13
1710,A1,24,22,22,22
1710,A2,11,11,57,11
1710,A4,60,10,10,10
1710,A5,27,21,21,21
1710,B0,24,22,22,22
1710,B1,24,22,22,22
1710,B2,24,22,22,22
1710,B4,24,22,22,22
1710,B5,60,10,10,10
1710,C0,22,22,24,22
1710,C1,24,22,22,22
1710,C2,58,12,10,10
1710,C3,60,10,10,10
1710,C4,60,10,10,10
1710,C5,57,11,11,11
1710,D0,24,22,22,22
1710,D1,21,21,27,21
1710,D2,45,15,15,15
1710,D3,24,22,22,22
1710,D4,24,22,22,22
1710,D5,13,13,51,13
1710,E0,24,22,22,22
1710,E1,24,22,22,22
1710,E2,24,22,22,22
1710,E3,60,10,10,10
1710,E4,11,11,57,11
1710,E5,10,10,60,10
1710,F0,24,22,22,22
1710,F1,24,22,22,22
1710,F2,60,10,10,10
1710,F3,60,10,10,10
1710,F4,24,22,22,22
1710,F5,10,60,10,10
1800,A0,54,12,12,12
1800,A1,24,22,22,22
1800,A2,11,11,57,11
1800,A4,60,10,10,10
1800,A5,24,22,22,22
1800,B0,24,22,22,22
1800,B1,24,22,22,22
1800,B2,24,22,22,22
1800,B4,24,22,22,22
1800,B5,60,10,10,10
1800,C0,20,20,30,20
1800,C1,24,22,22,22
1800,C2,57,13,10,10
1800,C3,60,10,10,10
1800,C4,57,11,11,11
1800,C5,57,11,11,11
1800,D0,24,22,22,22
1800,D1,20,20,30,20
1800,D2,48,14,14,14
1800,D3,24,22,22,22
1800,D4,24,22,22,22
1800,D5,13,13,51,13
1800,E0,24,22,22,22
1800,E1,24,22,22,22
1800,E2,24,22,22,22
1800,E3,60,10,10,10
1800,E4,11,11,57,11
1800,E5,10,10,60,10
1800,F0,24,22,22,22
1800,F1,24,22,22,22
1800,F2,60,10,10,10
1800,F3,60,10,10,10
1800,F4,24,22,22,22
1800,F5,10,60,10,10
1890,A0,54,12,12,12
1890,A1,24,22,22,22
1890,A2,12,12,54,12
1890,A4,60,10,10,10
1890,A5,24,22,22,22
1890,B0,24,22,22,22
1890,B1,22,24,22,22
1890,B2,24,22,22,22
1890,B4,24,22,22,22
1890,B5,60,10,10,10
1890,C0,20,20,30,20
1890,C1,24,22,22,22
1890,C2,57,13,10,10
1890,C3,60,10,10,10
1890,C4,60,10,10,10
1890,C5,57,11,11,11
1890,D0,24,22,22,22
1890,D1,19,19,33,19
1890,D2,48,14,14,14
1890,D3,24,22,22,22
1890,D4,24,22,22,22
1890,D5,13,13,51,13
1890,E0,24,22,22,22
1890,E1,24,22,22,22
1890,E2,24,22,22,22
1890,E3,60,10,10,10
1890,E4,11,11,57,11
1890,E5,10,10,60,10
1890,F0,24,22,22,22
1890,F1,24,22,22,22
1890,F2,60,10,10,10
1890,F3,60,10,10,10
1890,F4,24,22,22,22
1890,F5,10,60,10,10
1980,A0,54,12,12,12
1980,A1,24,22,22,22
1980,A2,11,11,57,11
1980,A4,60,10,10,10
1980,A5,27,21,21,21
1980,B0,24,22,22,22
1980,B1,24,22,22,22
1980,B2,24,22,22,22
1980,B4,24,22,22,22
1980,B5,60,10,10,10
1980,C0,20,20,30,20
1980,C1,24,22,22,22
1980,C2,58,12,10,10
1980,C3,60,10,10,10
1980,C4,60,10,10,10
1980,C5,57,11,11,11
1980,D0,24,22,22,22
1980,D1,20,20,30,20
1980,D2,45,15,15,15
1980,D3,24,22,22,22
1980,D4,24,22,22,22
1980,D5,13,13,51,13
1980,E0,24,22,22,22
1980,E1,24,22,22,22
1980,E2,24,22,22,22
1980,E3,60,10,10,10
1980,E4,11,11,57,11
1980,E5,10,10,60,10
1980,F0,24,22,22,22
1980,F1,24,22,22,22
1980,F2,60,10,10,10
1980,F3,60,10,10,10
1980,F4,24,22,22,22
1980,F5,10,60,10,10
2070,A0,51,13,13,13
2070,A1,24,22,22,22
2070,A2,11,11,57,11
2070,A4,60,10,10,10
2070,A5,24,22,22,22
2070,B0,24,22,22,22
2070,B1,24,22,22,22
2070,B2,24,22,22,22
2070,B4,24,22,22,22
2070,B5,60,10,10,10
2070,C0,22,22,24,22
2070,C1,24,22,22,22
2070,C2,58,12,10,10
2070,C3,60,10,10,10
2070,C4,60,10,10,10
2070,C5,57,11,11,11
2070,D0,24,22,22,22
2070,D1,21,21,27,21
2070,D2,48,14,14,14
2070,D3,24,22,22,22
2070,D4,24,22,22,22
2070,D5,12,12,54,12
2070,E0,24,22,22,22
2070,E1,24,22,22,22
2070,E2,24,22,22,22
2070,E3,60,10,10,10
2070,E4,11,11,57,11
2070,E5,10,10,60,10
2070,F0,24,22,22,22
2070,F1,24,22,22,22
2070,F2,60,10,10,10
2070,F3,60,10,10,10
2070,F4,24,22,22,22
2070,F5,10,60,10,10
2160,A0,51,13,13,13
2160,A1,24,22,22,22
2160,A2,11,11,57,11
2160,A4,60,10,10,10
2160,A5,24,22,22,22
2160,B0,24,22,22,22
2160,B1,24,22,22,22
2160,B2,24,22,22,22
2160,B4,24,22,22,22
2160,B5,60,10,10,10
2160,C0,22,22,24,22
2160,C1,24,22,22,22
2160,C2,56,14,10,10
2160,C3,60,10,10,10
2160,C4,57,11,11,11
2160,C5,57,11,11,11
2160,D0,24,22,22,22
2160,D1,20,20,30,20
2160,D2,45,15,15,15
2160,D3,24,22,22,22
2160,D4,24,22,22,22
2160,D5,12,12,54,12
2160,E0,24,22,22,22
2160,E1,24,22,22,22
2160,E2,24,22,22,22
2160,E3,60,10,10,10
2160,E4,11,11,57,11
2160,E5,10,10,60,10
2160,F0,24,22,22,22
2160,F1,24,22,22,22
2160,F2,60,10,10,10
2160,F3,60,10,10,10
2160,F4,24,22,22,22
2160,F5,10,60,10,10
2250,A0,54,12,12,12
2250,A1,24,22,22,22
2250,A2,11,11,57,11
2250,A4,60,10,10,10
2250,A5,27,21,21,21
2250,B0,24,22,22,22
2250,B1,22,24,22,22
2250,B2,24,22,22,22
2250,B4,24,22,22,22
2250,B5,60,10,10,10
2250,C0,21,21,27,21
2250,C1,24,22,22,22
2250,C2,57,13,10,10
2250,C3,60,10,10,10
2250,C4,60,10,10,10
2250,C5,57,11,11,11
2250,D0,24,22,22,22
2250,D1,20,20,30,20
2250,D2,48,14,14,14
2250,D3,24,22,22,22
2250,D4,24,22,22,22
2250,D5,13,13,51,13
2250,E0,24,22,22,22
2250,E1,24,22,22,22
2250,E2,24,22,22,22
2250,E3,60,10,10,10
2250,E4,11,11,57,11
2250,E5,10,10,60,10
2250,F0,24,22,22,22
2250,F1,24,22,22,22
2250,F2,60,10,10,10
2250,F3,60,10,10,10
2250,F4,24,22,22,22
2250,F5,10,60,10,10
2340,A0,51,13,13,13
2340,A1,24,22,22,22
2340,A2,11,11,57,11
2340,A4,60,10,10,10
2340,A5,30,20,20,20
2340,B0,24,22,22,22
2340,B1,21,27,21,21
2340,B2,24,22,22,22
2340,B4,24,22,22,22
2340,B5,60,10,10,10
2340,C0,21,21,27,21
2340,C1,24,22,22,22
2340,C2,58,12,10,10
2340,C3,60,10,10,10
2340,C4,60,10,10,10
2340,C5,57,11,11,11
2340,D0,24,22,22,22
2340,D1,19,19,33,19
2340,D2,45,15,15,15
2340,D3,24,22,22,22
2340,D4,24,22,22,22
2340,D5,13,13,51,13
2340,E0,24,22,22,22
2340,E1,24,22,22,22
2340,E2,24,22,22,22
2340,E3,60,10,10,10
2340,E4,11,11,57,11
2340,E5,10,10,60,10
2340,F0,24,22,22,22
2340,F1,24,22,22,22
2340,F2,60,10,10,10
2340,F3,60,10,10,10
2340,F4,24,22,22,22
2340,F5,10,60,10,10
2430,A0,54,12,12,12
2430,A1,24,22,22,22
2430,A2,11,11,57,11
2430,A4,60,10,10,10
2430,A5,27,21,21,21
2430,B0,24,22,22,22
2430,B1,21,27,21,21
2430,B2,24,22,22,22
2430,B4,24,22,22,22
2430,B5,60,10,10,10
2430,C0,22,22,24,22
2430,C1,24,22,22,22
2430,C2,57,13,10,10
2430,C3,60,10,10,10
2430,C4,60,10,10,10
2430,C5,57,11,11,11
2430,D0,24,22,22,22
2430,D1,20,20,30,20
2430,D2,45,15,15,15
2430,D3,24,22,22,22
2430,D4,24,22,22,22
2430,D5,13,13,51,13
2430,E0,24,22,22,22
2430,E1,24,22,22,22
2430,E2,24,22,22,22
2430,E3,60,10,10,10
2430,E4,11,11,57,11
2430,E5,10,10,60,10
2430,F0,24,22,22,22
2430,F1,24,22,22,22
2430,F2,60,10,10,10
2430,F3,60,10,10,10
2430,F4,24,22,22,22
2430,F5,10,60,10,10
2520,A0,54,12,12,12
2520,A1,24,22,22,22
2520,A2,11,11,57,11
2520,A4,60,10,10,10
2520,A5,27,21,21,21
2520,B0,24,22,22,22
2520,B1,21,27,21,21
2520,B2,24,22,22,22
2520,B4,24,22,22,22
2520,B5,60,10,10,10
2520,C0,22,22,24,22
2520,C1,24,22,22,22
2520,C2,57,13,10,10
2520,C3,60,10,10,10
2520,C4,60,10,10,10
2520,C5,57,11,11,11
2520,D0,24,22,22,22
2520,D1,20,20,30,20
2520,D2,48,14,14,14
2520,D3,24,22,22,22
2520,D4,24,22,22,22
2520,D5,13,13,51,13
2520,E0,24,22,22,22
2520,E1,24,22,22,22
2520,E2,24,22,22,22
2520,E3,60,10,10,10
2520,E4,11,11,57,11
2520,E5,10,10,60,10
2520,F0,24,22,22,22
2520,F1,24,22,22,22
2520,F2,60,10,10,10
2520,F3,60,10,10,10
2520,F4,24,22,22,22
2520,F5,10,60,10,10
2610,A0,51,13,13,13
2610,A1,24,22,22,22
2610,A2,11,11,57,11
2610,A4,60,10,10,10
2610,A5,27,21,21,21
2610,B0,24,22,22,22
2610,B1,24,22,22,22
2610,B2,24,22,22,22
2610,B4,24,22,22,22
2610,B5,60,10,10,10
2610,C0,21,21,27,21
2610,C1,24,22,22,22
2610,C2,57,13,10,10
2610,C3,60,10,10,10
2610,C4,60,10,10,10
2610,C5,57,11,11,11
2610,D0,24,22,22,22
2610,D1,21,21,27,21
2610,D2,48,14,14,14
2610,D3,24,22,22,22
2610,D4,24,22,22,22
2610,D5,12,12,54,12
2610,E0,24,22,22,22
2610,E1,24,22,22,22
2610,E2,24,22,22,22
2610,E3,60,10,10,10
2610,E4,11,11,57,11
2610,E5,10,10,60,10
2610,F0,24,22,22,22
2610,F1,24,22,22,22
2610,F2,60,10,10,10
2610,F3,60,10,10,10
2610,F4,24,22,22,22
2610,F5,10,60,10,10
2700,A0,51,13,13,13
2700,A1,24,22,22,22
2700,A2,11,11,57,11
2700,A4,60,10,10,10
2700,A5,27,21,21,21
2700,B0,24,22,22,22
2700,B1,24,22,22,22
2700,B2,24,22,22,22
2700,B4,24,22,22,22
2700,B5,60,10,10,10
2700,C0,21,21,27,21
2700,C1,24,22,22,22
2700,C2,56,14,10,10
2700,C3,60,10,10,10
2700,C4,60,10,10,10
2700,C5,57,11,11,11
2700,D0,24,22,22,22
2700,D1,20,20,30,20
2700,D2,48,14,14,14
2700,D3,24,22,22,22
2700,D4,24,22,22,22
2700,D5,12,12,54,12
2700,E0,24,22,22,22
2700,E1,24,22,22,22
2700,E2,24,22,22,22
2700,E3,60,10,10,10
2700,E4,11,11,57,11
2700,E5,10,10,60,10
2700,F0,24,22,22,22
2700,F1,24,22,22,22
2700,F2,60,10,10,10
2700,F3,60,10,10,10
2700,F4,24,22,22,22
2700,F5,10,60,10,10
2790,A0,51,13,13,13
2790,A1,24,22,22,22
2790,A2,11,11,57,11
2790,A4,60,10,10,10
2790,A5,27,21,21,21
2790,B0,24,22,22,22
2790,B1,22,24,22,22
2790,B2,24,22,22,22
2790,B4,24,22,22,22
2790,B5,60,10,10,10
2790,C0,21,21,27,21
2790,C1,24,22,22,22
2790,C2,57,13,10,10
2790,C3,60,10,10,10
2790,C4,60,10,10,10
2790,C5,57,11,11,11
2790,D0,24,22,22,22
2790,D1,20,20,30,20
2790,D2,48,14,14,14
2790,D3,24,22,22,22
2790,D4,24,22,22,22
2790,D5,12,12,54,12
2790,E0,24,22,22,22
2790,E1,24,22,22,22
2790,E2,24,22,22,22
2790,E3,60,10,10,10
2790,E4,11,11,57,11
2790,E5,10,10,60,10
2790,F0,24,22,22,22
2790,F1,24,22,22,22
2790,F2,60,10,10,10
2790,F3,60,10,10,10
2790,F4,24,22,22,22
2790,F5,10,60,10,10
2880,A0,48,14,14,14
2880,A1,24,22,22,22
2880,A2,11,11,57,11
2880,A4,60,10,10,10
2880,A5,24,22,22,22
2880,B0,24,22,22,22
2880,B1,24,22,22,22
2880,B2,24,22,22,22
2880,B4,24,22,22,22
2880,B5,60,10,10,10
2880,C0,22,22,24,22
2880,C1,24,22,22,22
2880,C2,58,12,10,10
2880,C3,60,10,10,10
2880,C4,60,10,10,10
2880,C5,57,11,11,11
2880,D0,24,22,22,22
2880,D1,21,21,27,21
2880,D2,45,15,15,15
2880,D3,24,22,22,22
2880,D4,24,22,22,22
2880,D5,14,14,48,14
2880,E0,24,22,22,22
2880,E1,24,22,22,22
2880,E2,24,22,22,22
2880,E3,60,10,10,10
2880,E4,11,11,57,11
2880,E5,10,10,60,10
2880,F0,24,22,22,22
2880,F1,24,22,22,22
2880,F2,60,10,10,10
2880,F3,60,10,10,10
2880,F4,24,22,22,22
2880,F5,10,60,10,10
2970,A0,54,12,12,12
2970,A1,24,22,22,22
2970,A2,12,12,54,12
2970,A4,60,10,10,10
2970,A5,24,22,22,22
2970,B0,24,22,22,22
2970,B1,22,24,22,22
2970,B2,24,22,22,22
2970,B4,24,22,22,22
2970,B5,60,10,10,10
2970,C0,20,20,30,20
2970,C1,24,22,22,22
2970,C2,55,15,10,10
2970,C3,60,10,10,10
2970,C4,57,11,11,11
2970,C5,57,11,11,11
2970,D0,24,22,22,22
2970,D1,19,19,33,19
2970,D2,51,13,13,13
2970,D3,24,22,22,22
2970,D4,24,22,22,22
2970,D5,13,13,51,13
2970,E0,24,22,22,22
2970,E1,24,22,22,22
2970,E2,24,22,22,22
2970,E3,60,10,10,10
2970,E4,11,11,57,11
2970,E5,10,10,60,10
2970,F0,24,22,22,22
2970,F1,24,22,22,22
2970,F2,60,10,10,10
2970,F3,60,10,10,10
2970,F4,24,22,22,22
2970,F5,10,60,10,10
3060,A0,51,13,13,13
3060,A1,24,22,22,22
3060,A2,12,12,54,12
3060,A4,60,10,10,10
3060,A5,24,22,22,22
3060,B0,24,22,22,22
3060,B1,24,22,22,22
3060,B2,24,22,22,22
3060,B4,24,22,22,22
3060,B5,60,10,10,10
3060,C0,22,22,24,22
3060,C1,24,22,22,22
3060,C2,56,14,10,10
3060,C3,60,10,10,10
3060,C4,57,11,11,11
3060,C5,57,11,11,11
3060,D0,24,22,22,22
3060,D1,21,21,27,21
3060,D2,45,15,15,15
3060,D3,24,22,22,22
3060,D4,24,22,22,22
3060,D5,12,12,54,12
3060,E0,24,22,22,22
3060,E1,24,22,22,22
3060,E2,24,22,22,22
3060,E3,60,10,10,10
3060,E4,11,11,57,11
3060,E5,10,10,60,10
3060,F0,24,22,22,22
3060,F1,24,22,22,22
3060,F2,60,10,10,10
3060,F3,60,10,10,10
3060,F4,24,22,22,22
3060,F5,10,60,10,10
3150,A0,54,12,12,12
3150,A1,24,22,22,22
3150,A2,12,12,54,12
3150,A4,60,10,10,10
3150,A5,24,22,22,22
3150,B0,24,22,22,22
3150,B1,24,22,22,22
3150,B2,24,22,22,22
3150,B4,24,22,22,22
3150,B5,60,10,10,10
3150,C0,21,21,27,21
3150,C1,24,22,22,22
3150,C2,57,13,10,10
3150,C3,60,10,10,10
3150,C4,57,11,11,11
3150,C5,57,11,11,11
3150,D0,24,22,22,22
3150,D1,20,20,30,20
3150,D2,45,15,15,15
3150,D3,24,22,22,22
3150,D4,24,22,22,22
3150,D5,12,12,54,12
3150,E0,24,22,22,22
3150,E1,24,22,22,22
3150,E2,24,22,22,22
3150,E3,60,10,10,10
3150,E4,11,11,57,11
3150,E5,10,10,60,10
3150,F0,24,22,22,22
3150,F1,24,22,22,22
3150,F2,60,10,10,10
3150,F3,60,10,10,10
3150,F4,24,22,22,22
3150,F5,10,60,10,10
3240,A0,51,13,13,13
3240,A1,24,22,22,22
3240,A2,12,12,54,12
3240,A4,60,10,10,10
3240,A5,24,22,22,22
3240,B0,24,22,22,22
3240,B1,24,22,22,22
3240,B2,24,22,22,22
3240,B4,24,22,22,22
3240,B5,60,10,10,10
3240,C0,21,21,27,21
3240,C1,24,22,22,22
3240,C2,57,13,10,10
3240,C3,60,10,10,10
3240,C4,60,10,10,10
3240,C5,57,11,11,11
3240,D0,24,22,22,22
3240,D1,20,20,30,20
3240,D2,45,15,15,15
3240,D3,24,22,22,22
3240,D4,24,22,22,22
3240,D5,13,13,51,13
3240,E0,24,22,22,22
3240,E1,24,22,22,22
3240,E2,24,22,22,22
3240,E3,60,10,10,10
3240,E4,11,11,57,11
3240,E5,10,10,60,10
3240,F0,24,22,22,22
3240,F1,24,22,22,22
3240,F2,60,10,10,10
3240,F3,60,10,10,10
3240,F4,24,22,22,22
3240,F5,10,60,10,10
3330,A0,54,12,12,12
3330,A1,24,22,22,22
3330,A2,11,11,57,11
3330,A4,60,10,10,10
3330,A5,27,21,21,21
3330,B0,24,22,22,22
3330,B1,22,24,22,22
3330,B2,24,22,22,22
3330,B4,24,22,22,22
3330,B5,60,10,10,10
3330,C0,20,20,30,20
3330,C1,24,22,22,22
3330,C2,57,13,10,10
3330,C3,60,10,10,10
3330,C4,60,10,10,10
3330,C5,57,11,11,11
3330,D0,24,22,22,22
3330,D1,20,20,30,20
3330,D2,48,14,14,14
3330,D3,24,22,22,22
3330,D4,24,22,22,22
3330,D5,12,12,54,12
3330,E0,24,22,22,22
3330,E1,24,22,22,22
3330,E2,24,22,22,22
3330,E3,60,10,10,10
3330,E4,11,11,57,11
3330,E5,10,10,60,10
3330,F0,24,22,22,22
3330,F1,24,22,22,22
3330,F2,60,10,10,10
3330,F3,60,10,10,10
3330,F4,24,22,22,22
3330,F5,10,60,10,10
3420,A0,51,13,13,13
3420,A1,24,22,22,22
3420,A2,12,12,54,12
3420,A4,60,10,10,10
3420,A5,24,22,22,22
3420,B0,24,22,22,22
3420,B1,24,22,22,22
3420,B2,24,22,22,22
3420,B4,24,22,22,22
3420,B5,60,10,10,10
3420,C0,22,22,24,22
3420,C1,24,22,22,22
3420,C2,56,14,10,10
3420,C3,60,10,10,10
3420,C4,57,11,11,11
3420,C5,57,11,11,11
3420,D0,24,22,22,22
3420,D1,21,21,27,21
3420,D2,42,16,16,16
3420,D3,24,22,22,22
3420,D4,24,22,22,22
3420,D5,13,13,51,13
3420,E0,24,22,22,22
3420,E1,24,22,22,22
3420,E2,24,22,22,22
3420,E3,60,10,10,10
3420,E4,11,11,57,11
3420,E5,10,10,60,10
3420,F0,24,22,22,22
3420,F1,24,22,22,22
3420,F2,60,10,10,10
3420,F3,60,10,10,10
3420,F4,24,22,22,22
3420,F5,10,60,10,10
3510,A0,51,13,13,13
3510,A1,24,22,22,22
3510,A2,12,12,54,12
3510,A4,60,10,10,10
3510,A5,24,22,22,22
3510,B0,24,22,22,22
3510,B1,24,22,22,22
3510,B2,24,22,22,22
3510,B4,24,22,22,22
3510,B5,60,10,10,10
3510,C0,20,20,30,20
3510,C1,24,22,22,22
3510,C2,57,13,10,10
3510,C3,60,10,10,10
3510,C4,57,11,11,11
3510,C5,57,11,11,11
3510,D0,24,22,22,22
3510,D1,20,20,30,20
3510,D2,48,14,14,14
3510,D3,24,22,22,22
3510,D4,24,22,22,22
3510,D5,12,12,54,12
3510,E0,24,22,22,22
3510,E1,24,22,22,22
3510,E2,24,22,22,22
3510,E3,60,10,10,10
3510,E4,11,11,57,11
3510,E5,10,10,60,10
3510,F0,24,22,22,22
3510,F1,24,22,22,22
3510,F2,60,10,10,10
3510,F3,60,10,10,10
3510,F4,24,22,22,22
3510,F5,10,60,10,10
3600,A0,51,13,13,13
3600,A1,24,22,22,22
3600,A2,12,12,54,12
3600,A4,60,10,10,10
3600,A5,27,21,21,21
3600,B0,24,22,22,22
3600,B1,24,22,22,22
3600,B2,24,22,22,22
3600,B4,24,22,22,22
3600,B5,60,10,10,10
3600,C0,21,21,27,21
3600,C1,24,22,22,22
3600,C2,58,12,10,10
3600,C3,60,10,10,10
3600,C4,57,11,11,11
3600,C5,57,11,11,11
3600,D0,24,22,22,22
3600,D1,21,21,27,21
3600,D2,48,14,14,14
3600,D3,24,22,22,22
3600,D4,24,22,22,22
3600,D5,13,13,51,13
3600,E0,24,22,22,22
3600,E1,24,22,22,22
3600,E2,24,22,22,22
3600,E3,60,10,10,10
3600,E4,11,11,57,11
3600,E5,10,10,60,10
3600,F0,24,22,22,22
3600,F1,24,22,22,22
3600,F2,60,10,10,10
3600,F3,60,10,10,10
3600,F4,24,22,22,22
3600,F5,10,60,10,10
3690,A0,51,13,13,13
3690,A1,24,22,22,22
3690,A2,12,12,54,12
3690,A4,60,10,10,10
3690,A5,24,22,22,22
3690,B0,24,22,22,22
3690,B1,24,22,22,22
3690,B2,24,22,22,22
3690,B4,24,22,22,22
3690,B5,60,10,10,10
3690,C0,22,22,24,22
3690,C1,24,22,22,22
3690,C2,57,13,10,10
3690,C3,60,10,10,10
3690,C4,57,11,11,11
3690,C5,57,11,11,11
3690,D0,24,22,22,22
3690,D1,21,21,27,21
3690,D2,48,14,14,14
3690,D3,24,22,22,22
3690,D4,24,22,22,22
3690,D5,13,13,51,13
3690,E0,24,22,22,22
3690,E1,24,22,22,22
3690,E2,24,22,22,22
3690,E3,60,10,10,10
3690,E4,11,11,57,11
3690,E5,10,10,60,10
3690,F0,24,22,22,22
3690,F1,24,22,22,22
3690,F2,60,10,10,10
3690,F3,60,10,10,10
3690,F4,24,22,22,22
3690,F5,10,60,10,10
3780,A0,54,12,12,12
3780,A1,24,22,22,22
3780,A2,12,12,54,12
3780,A4,60,10,10,10
3780,A5,27,21,21,21
3780,B0,24,22,22,22
3780,B1,24,22,22,22
3780,B2,24,22,22,22
3780,B4,24,22,22,22
3780,B5,60,10,10,10
3780,C0,22,22,24,22
3780,C1,24,22,22,22
3780,C2,58,12,10,10
3780,C3,60,10,10,10
3780,C4,57,11,11,11
3780,C5,57,11,11,11
3780,D0,24,22,22,22
3780,D1,21,21,27,21
3780,D2,45,15,15,15
3780,D3,24,22,22,22
3780,D4,24,22,22,22
3780,D5,13,13,51,13
3780,E0,24,22,22,22
3780,E1,24,22,22,22
3780,E2,24,22,22,22
3780,E3,60,10,10,10
3780,E4,11,11,57,11
3780,E5,10,10,60,10
3780,F0,24,22,22,22
3780,F1,24,22,22,22
3780,F2,60,10,10,10
3780,F3,60,10,10,10
3780,F4,24,22,22,22
3780,F5,10,60,10,10
3870,A0,51,13,13,13
3870,A1,24,22,22,22
3870,A2,12,12,54,12
3870,A4,60,10,10,10
3870,A5,24,22,22,22
3870,B0,24,22,22,22
3870,B1,24,22,22,22
3870,B2,24,22,22,22
3870,B4,24,22,22,22
3870,B5,60,10,10,10
3870,C0,22,22,24,22
3870,C1,24,22,22,22
3870,C2,54,16,10,10
3870,C3,60,10,10,10
3870,C4,57,11,11,11
3870,C5,57,11,11,11
3870,D0,24,22,22,22
3870,D1,21,21,27,21
3870,D2,42,16,16,16
3870,D3,24,22,22,22
3870,D4,24,22,22,22
3870,D5,13,13,51,13
3870,E0,24,22,22,22
3870,E1,24,22,22,22
3870,E2,24,22,22,22
3870,E3,60,10,10,10
3870,E4,11,11,57,11
3870,E5,10,10,60,10
3870,F0,24,22,22,22
3870,F1,24,22,22,22
3870,F2,60,10,10,10
3870,F3,60,10,10,10
3870,F4,24,22,22,22
3870,F5,10,60,10,10
3960,A0,54,12,12,12
3960,A1,24,22,22,22
3960,A2,12,12,54,12
3960,A4,60,10,10,10
3960,A5,24,22,22,22
3960,B0,24,22,22,22
3960,B1,24,22,22,22
3960,B2,24,22,22,22
3960,B4,24,22,22,22
3960,B5,60,10,10,10
3960,C0,22,22,24,22
3960,C1,24,22,22,22
3960,C2,56,14,10,10
3960,C3,60,10,10,10
3960,C4,57,11,11,11
3960,C5,57,11,11,11
3960,D0,24,22,22,22
3960,D1,20,20,30,20
3960,D2,45,15,15,15
3960,D3,24,22,22,22
3960,D4,24,22,22,22
3960,D5,13,13,51,13
3960,E0,24,22,22,22
3960,E1,24,22,22,22
3960,E2,24,22,22,22
3960,E3,60,10,10,10
3960,E4,11,11,57,11
3960,E5,10,10,60,10
3960,F0,24,22,22,22
3960,F1,24,22,22,22
3960,F2,60,10,10,10
3960,F3,60,10,10,10
3960,F4,24,22,22,22
3960,F5,10,60,10,10
4050,A0,51,13,13,13
4050,A1,24,22,22,22
4050,A2,12,12,54,12
4050,A4,60,10,10,10
4050,A5,24,22,22,22
4050,B0,24,22,22,22
4050,B1,24,22,22,22
4050,B2,24,22,22,22
4050,B4,24,22,22,22
4050,B5,60,10,10,10
4050,C0,22,22,24,22
4050,C1,24,22,22,22
4050,C2,57,13,10,10
4050,C3,60,10,10,10
4050,C4,57,11,11,11
4050,C5,57,11,11,11
4050,D0,24,22,22,22
4050,D1,21,21,27,21
4050,D2,45,15,15,15
4050,D3,24,22,22,22
4050,D4,24,22,22,22
4050,D5,13,13,51,13
4050,E0,24,22,22,22
4050,E1,24,22,22,22
4050,E2,24,22,22,22
4050,E3,60,10,10,10
4050,E4,11,11,57,11
4050,E5,10,10,60,10
4050,F0,24,22,22,22
4050,F1,24,22,22,22
4050,F2,60,10,10,10
4050,F3,60,10,10,10
4050,F4,24,22,22,22
4050,F5,10,60,10,10
4140,A0,51,13,13,13
4140,A1,24,22,22,22
4140,A2,12,12,54,12
4140,A4,60,10,10,10
4140,A5,24,22,22,22
4140,B0,24,22,22,22
4140,B1,24,22,22,22
4140,B2,24,22,22,22
4140,B4,24,22,22,22
4140,B5,60,10,10,10
4140,C0,22,22,24,22
4140,C1,24,22,22,22
4140,C2,57,13,10,10
4140,C3,60,10,10,10
4140,C4,57,11,11,11
4140,C5,57,11,11,11
4140,D0,24,22,22,22
4140,D1,21,21,27,21
4140,D2,42,16,16,16
4140,D3,24,22,22,22
4140,D4,24,22,22,22
4140,D5,13,13,51,13
4140,E0,24,22,22,22
4140,E1,24,22,22,22
4140,E2,24,22,22,22
4140,E3,60,10,10,10
4140,E4,11,11,57,11
4140,E5,10,10,60,10
4140,F0,24,22,22,22
4140,F1,24,22,22,22
4140,F2,60,10,10,10
4140,F3,60,10,10,10
4140,F4,24,22,22,22
4140,F5,10,60,10,10
4230,A0,54,12,12,12
4230,A1,24,22,22,22
4230,A2,12,12,54,12
4230,A4,60,10,10,10
4230,A5,24,22,22,22
4230,B0,24,22,22,22
4230,B1,24,22,22,22
4230,B2,24,22,22,22
4230,B4,24,22,22,22
4230,B5,60,10,10,10
4230,C0,21,21,27,21
4230,C1,24,22,22,22
4230,C2,54,16,10,10
4230,C3,60,10,10,10
4230,C4,57,11,11,11
4230,C5,57,11,11,11
4230,D0,24,22,22,22
4230,D1,20,20,30,20
4230,D2,48,14,14,14
4230,D3,24,22,22,22
4230,D4,24,22,22,22
4230,D5,12,12,54,12
4230,E0,24,22,22,22
4230,E1,24,22,22,22
4230,E2,24,22,22,22
4230,E3,60,10,10,10
4230,E4,11,11,57,11
4230,E5,10,10,60,10
4230,F0,24,22,22,22
4230,F1,24,22,22,22
4230,F2,60,10,10,10
4230,F3,60,10,10,10
4230,F4,24,22,22,22
4230,F5,10,60,10,10
4320,A0,54,12,12,12
4320,A1,24,22,22,22
4320,A2,12,12,54,12
4320,A4,60,10,10,10
4320,A5,27,21,21,21
4320,B0,24,22,22,22
4320,B1,24,22,22,22
4320,B2,24,22,22,22
4320,B4,24,22,22,22
4320,B5,60,10,10,10
4320,C0,20,20,30,20
4320,C1,24,22,22,22
4320,C2,57,13,10,10
4320,C3,60,10,10,10
4320,C4,57,11,11,11
4320,C5,57,11,11,11
4320,D0,24,22,22,22
4320,D1,20,20,30,20
4320,D2,48,14,14,14
4320,D3,24,22,22,22
4320,D4,24,22,22,22
4320,D5,13,13,51,13
4320,E0,24,22,22,22
4320,E1,24,22,22,22
4320,E2,24,22,22,22
4320,E3,60,10,10,10
4320,E4,11,11,57,11
4320,E5,10,10,60,10
4320,F0,24,22,22,22
4320,F1,24,22,22,22
4320,F2,60,10,10,10
4320,F3,60,10,10,10
4320,F4,24,22,22,22
4320,F5,10,60,10,10
4410,A0,51,13,13,13
4410,A1,24,22,22,22
4410,A2,12,12,54,12
4410,A4,60,10,10,10
4410,A5,24,22,22,22
4410,B0,24,22,22,22
4410,B1,24,22,22,22
4410,B2,24,22,22,22
4410,B4,24,22,22,22
4410,B5,60,10,10,10
4410,C0,22,22,24,22
4410,C1,24,22,22,22
4410,C2,56,14,10,10
4410,C3,60,10,10,10
4410,C4,57,11,11,11
4410,C5,57,11,11,11
4410,D0,24,22,22,22
4410,D1,21,21,27,21
4410,D2,45,15,15,15
4410,D3,24,22,22,22
4410,D4,24,22,22,22
4410,D5,13,13,51,13
4410,E0,24,22,22,22
4410,E1,24,22,22,22
4410,E2,24,22,22,22
4410,E3,60,10,10,10
4410,E4,11,11,57,11
4410,E5,10,10,60,10
4410,F0,24,22,22,22
4410,F1,24,22,22,22
4410,F2,60,10,10,10
4410,F3,60,10,10,10
4410,F4,24,22,22,22
4410,F5,10,60,10,10
4500,A0,51,13,13,13
4500,A1,24,22,22,22
4500,A2,12,12,54,12
4500,A4,60,10,10,10
4500,A5,24,22,22,22
4500,B0,24,22,22,22
4500,B1,24,22,22,22
4500,B2,24,22,22,22
4500,B4,24,22,22,22
4500,B5,60,10,10,10
4500,C0,22,22,24,22
4500,C1,24,22,22,22
4500,C2,58,12,10,10
4500,C3,60,10,10,10
4500,C4,60,10,10,10
4500,C5,57,11,11,11
4500,D0,24,22,22,22
4500,D1,22,22,24,22
4500,D2,45,15,15,15
4500,D3,24,22,22,22
4500,D4,24,22,22,22
4500,D5,13,13,51,13
4500,E0,24,22,22,22
4500,E1,24,22,22,22
4500,E2,24,22,22,22
4500,E3,60,10,10,10
4500,E4,11,11,57,11
4500,E5,10,10,60,10
4500,F0,24,22,22,22
4500,F1,24,22,22,22
4500,F2,60,10,10,10
4500,F3,60,10,10,10
4500,F4,24,22,22,22
4500,F5,10,60,10,10
4590,A0,54,12,12,12
4590,A1,24,22,22,22
4590,A2,11,11,57,11
4590,A4,60,10,10,10
4590,A5,27,21,21,21
4590,B0,24,22,22,22
4590,B1,24,22,22,22
4590,B2,24,22,22,22
4590,B4,24,22,22,22
4590,B5,60,10,10,10
4590,C0,22,22,24,22
4590,C1,24,22,22,22
4590,C2,57,13,10,10
4590,C3,60,10,10,10
4590,C4,57,11,11,11
4590,C5,57,11,11,11
4590,D0,24,22,22,22
4590,D1,21,21,27,21
4590,D2,42,16,16,16
4590,D3,24,22,22,22
4590,D4,24,22,22,22
4590,D5,13,13,51,13
4590,E0,24,22,22,22
4590,E1,24,22,22,22
4590,E2,24,22,22,22
4590,E3,60,10,10,10
4590,E4,11,11,57,11
4590,E5,10,10,60,10
4590,F0,24,22,22,22
4590,F1,24,22,22,22
4590,F2,60,10,10,10
4590,F3,60,10,10,10
4590,F4,24,22,22,22
4590,F5,10,60,10,10
4680,A0,51,13,13,13
4680,A1,24,22,22,22
4680,A2,12,12,54,12
4680,A4,60,10,10,10
4680,A5,24,22,22,22
4680,B0,24,22,22,22
4680,B1,24,22,22,22
4680,B2,24,22,22,22
4680,B4,24,22,22,22
4680,B5,60,10,10,10
4680,C0,22,22,24,22
4680,C1,24,22,22,22
4680,C2,57,13,10,10
4680,C3,60,10,10,10
4680,C4,57,11,11,11
4680,C5,57,11,11,11
4680,D0,24,22,22,22
4680,D1,21,21,27,21
4680,D2,42,16,16,16
4680,D3,24,22,22,22
4680,D4,24,22,22,22
4680,D5,13,13,51,13
4680,E0,24,22,22,22
4680,E1,24,22,22,22
4680,E2,24,22,22,22
4680,E3,60,10,10,10
4680,E4,11,11,57,11
4680,E5,10,10,60,10
4680,F0,24,22,22,22
4680,F1,24,22,22,22
4680,F2,60,10,10,10
4680,F3,60,10,10,10
4680,F4,24,22,22,22
4680,F5,10,60,10,10
4770,A0,51,13,13,13
4770,A1,24,22,22,22
4770,A2,12,12,54,12
4770,A4,60,10,10,10
4770,A5,24,22,22,22
4770,B0,24,22,22,22
4770,B1,24,22,22,22
4770,B2,24,22,22,22
4770,B4,24,22,22,22
4770,B5,60,10,10,10
4770,C0,21,21,27,21
4770,C1,24,22,22,22
4770,C2,55,15,10,10
4770,C3,60,10,10,10
4770,C4,57,11,11,11
4770,C5,57,11,11,11
4770,D0,24,22,22,22
4770,D1,21,21,27,21
4770,D2,48,14,14,14
4770,D3,24,22,22,22
4770,D4,24,22,22,22
4770,D5,13,13,51,13
4770,E0,24,22,22,22
4770,E1,24,22,22,22
4770,E2,24,22,22,22
4770,E3,60,10,10,10
4770,E4,11,11,57,11
4770,E5,10,10,60,10
4770,F0,24,22,22,22
4770,F1,24,22,22,22
4770,F2,60,10,10,10
4770,F3,60,10,10,10
4770,F4,24,22,22,22
4770,F5,10,60,10,10
4860,A0,51,13,13,13
4860,A1,24,22,22,22
4860,A2,12,12,54,12
4860,A4,60,10,10,10
4860,A5,27,21,21,21
4860,B0,24,22,22,22
4860,B1,24,22,22,22
4860,B2,24,22,22,22
4860,B4,24,22,22,22
4860,B5,60,10,10,10
4860,C0,22,22,24,22
4860,C1,24,22,22,22
4860,C2,57,13,10,10
4860,C3,60,10,10,10
4860,C4,57,11,11,11
4860,C5,57,11,11,11
4860,D0,24,22,22,22
4860,D1,21,21,27,21
4860,D2,45,15,15,15
4860,D3,24,22,22,22
4860,D4,24,22,22,22
4860,D5,14,14,48,14
4860,E0,24,22,22,22
4860,E1,24,22,22,22
4860,E2,24,22,22,22
4860,E3,60,10,10,10
4860,E4,11,11,57,11
4860,E5,10,10,60,10
4860,F0,24,22,22,22
4860,F1,24,22,22,22
4860,F2,60,10,10,10
4860,F3,60,10,10,10
4860,F4,24,22,22,22
4860,F5,10,60,10,10
4950,A0,51,13,13,13
4950,A1,24,22,22,22
4950,A2,12,12,54,12
4950,A4,60,10,10,10
4950,A5,24,22,22,22
4950,B0,24,22,22,22
4950,B1,24,22,22,22
4950,B2,24,22,22,22
4950,B4,24,22,22,22
4950,B5,60,10,10,10
4950,C0,21,21,27,21
4950,C1,24,22,22,22
4950,C2,58,12,10,10
4950,C3,60,10,10,10
4950,C4,57,11,11,11
4950,C5,57,11,11,11
4950,D0,24,22,22,22
4950,D1,21,21,27,21
4950,D2,45,15,15,15
4950,D3,24,22,22,22
4950,D4,24,22,22,22
4950,D5,13,13,51,13
4950,E0,24,22,22,22
4950,E1,24,22,22,22
4950,E2,24,22,22,22
4950,E3,60,10,10,10
4950,E4,11,11,57,11
4950,E5,10,10,60,10
4950,F0,24,22,22,22
4950,F1,24,22,22,22
4950,F2,60,10,10,10
4950,F3,60,10,10,10
4950,F4,24,22,22,22
4950,F5,10,60,10,10
5040,A0,51,13,13,13
5040,A1,24,22,22,22
5040,A2,12,12,54,12
5040,A4,60,10,10,10
5040,A5,24,22,22,22
5040,B0,24,22,22,22
5040,B1,24,22,22,22
5040,B2,24,22,22,22
5040,B4,24,22,22,22
5040,B5,60,10,10,10
5040,C0,22,22,24,22
5040,C1,24,22,22,22
5040,C2,55,15,10,10
5040,C3,60,10,10,10
5040,C4,57,11,11,11
5040,C5,57,11,11,11
5040,D0,24,22,22,22
5040,D1,21,21,27,21
5040,D2,48,14,14,14
5040,D3,24,22,22,22
5040,D4,24,22,22,22
5040,D5,13,13,51,13
5040,E0,24,22,22,22
5040,E1,24,22,22,22
5040,E2,24,22,22,22
5040,E3,60,10,10,10
5040,E4,11,11,57,11
5040,E5,10,10,60,10
5040,F0,24,22,22,22
5040,F1,24,22,22,22
5040,F2,60,10,10,10
5040,F3,60,10,10,10
5040,F4,24,22,22,22
5040,F5,10,60,10,10
5130,A0,51,13,13,13
5130,A1,24,22,22,22
5130,A2,12,12,54,12
5130,A4,60,10,10,10
5130,A5,24,22,22,22
5130,B0,24,22,22,22
5130,B1,24,22,22,22
5130,B2,24,22,22,22
5130,B4,24,22,22,22
5130,B5,60,10,10,10
5130,C0,22,22,24,22
5130,C1,24,22,22,22
5130,C2,57,13,10,10
5130,C3,60,10,10,10
5130,C4,57,11,11,11
5130,C5,57,11,11,11
5130,D0,24,22,22,22
5130,D1,21,21,27,21
5130,D2,48,14,14,14
5130,D3,24,22,22,22
5130,D4,24,22,22,22
5130,D5,13,13,51,13
5130,E0,24,22,22,22
5130,E1,24,22,22,22
5130,E2,24,22,22,22
5130,E3,60,10,10,10
5130,E4,11,11,57,11
5130,E5,10,10,60,10
5130,F0,24,22,22,22
5130,F1,24,22,22,22
5130,F2,60,10,10,10
5130,F3,60,10,10,10
5130,F4,24,22,22,22
5130,F5,10,60,10,10
5220,A0,51,13,13,13
5220,A1,24,22,22,22
5220,A2,11,11,57,11
5220,A4,60,10,10,10
5220,A5,27,21,21,21
5220,B0,24,22,22,22
5220,B1,24,22,22,22
5220,B2,24,22,22,22
5220,B4,24,22,22,22
5220,B5,60,10,10,10
5220,C0,24,22,22,22
5220,C1,24,22,22,22
5220,C2,56,14,10,10
5220,C3,60,10,10,10
5220,C4,57,11,11,11
5220,C5,57,11,11,11
5220,D0,24,22,22,22
5220,D1,21,21,27,21
5220,D2,48,14,14,14
5220,D3,24,22,22,22
5220,D4,24,22,22,22
5220,D5,13,13,51,13
5220,E0,24,22,22,22
5220,E1,24,22,22,22
5220,E2,24,22,22,22
5220,E3,60,10,10,10
5220,E4,11,11,57,11
5220,E5,10,10,60,10
5220,F0,24,22,22,22
5220,F1,24,22,22,22
5220,F2,60,10,10,10
5220,F3,60,10,10,10
5220,F4,24,22,22,22
5220,F5,10,60,10,10
5310,A0,51,13,13,13
5310,A1,24,22,22,22
5310,A2,11,11,57,11
5310,A4,60,10,10,10
5310,A5,27,21,21,21
5310,B0,24,22,22,22
5310,B1,24,22,22,22
5310,B2,24,22,22,22
5310,B4,24,22,22,22
5310,B5,60,10,10,10
5310,C0,21,21,27,21
5310,C1,24,22,22,22
5310,C2,56,14,10,10
5310,C3,60,10,10,10
5310,C4,57,11,11,11
5310,C5,57,11,11,11
5310,D0,24,22,22,22
5310,D1,21,21,27,21
5310,D2,51,13,13,13
5310,D3,24,22,22,22
5310,D4,24,22,22,22
5310,D5,12,12,54,12
5310,E0,24,22,22,22
5310,E1,24,22,22,22
5310,E2,24,22,22,22
5310,E3,60,10,10,10
5310,E4,11,11,57,11
5310,E5,10,10,60,10
5310,F0,24,22,22,22
5310,F1,24,22,22,22
5310,F2,60,10,10,10
5310,F3,60,10,10,10
5310,F4,24,22,22,22
5310,F5,10,60,10,10
5400,A0,51,13,13,13
5400,A1,24,22,22,22
5400,A2,12,12,54,12
5400,A4,60,10,10,10
5400,A5,24,22,22,22
5400,B0,24,22,22,22
5400,B1,24,22,22,22
5400,B2,24,22,22,22
5400,B4,24,22,22,22
5400,B5,60,10,10,10
5400,C0,21,21,27,21
5400,C1,24,22,22,22
5400,C2,57,13,10,10
5400,C3,60,10,10,10
5400,C4,57,11,11,11
5400,C5,57,11,11,11
5400,D0,24,22,22,22
5400,D1,22,22,24,22
5400,D2,48,14,14,14
5400,D3,24,22,22,22
5400,D4,24,22,22,22
5400,D5,13,13,51,13
5400,E0,24,22,22,22
5400,E1,24,22,22,22
5400,E2,24,22,22,22
5400,E3,60,10,10,10
5400,E4,11,11,57,11
5400,E5,10,10,60,10
5400,F0,24,22,22,22
5400,F1,24,22,22,22
5400,F2,60,10,10,10
5400,F3,60,10,10,10
5400,F4,24,22,22,22
5400,F5,10,60,10,10
5490,A0,51,13,13,13
5490,A1,24,22,22,22
5490,A2,11,11,57,11
5490,A4,60,10,10,10
5490,A5,24,22,22,22
5490,B0,24,22,22,22
5490,B1,24,22,22,22
5490,B2,24,22,22,22
5490,B4,24,22,22,22
5490,B5,60,10,10,10
5490,C0,22,22,24,22
5490,C1,24,22,22,22
5490,C2,56,14,10,10
5490,C3,60,10,10,10
5490,C4,57,11,11,11
5490,C5,57,11,11,11
5490,D0,24,22,22,22
5490,D1,22,22,24,22
5490,D2,45,15,15,15
5490,D3,24,22,22,22
5490,D4,24,22,22,22
5490,D5,13,13,51,13
5490,E0,24,22,22,22
5490,E1,24,22,22,22
5490,E2,24,22,22,22
5490,E3,60,10,10,10
5490,E4,11,11,57,11
5490,E5,10,10,60,10
5490,F0,24,22,22,22
5490,F1,24,22,22,22
5490,F2,60,10,10,10
5490,F3,60,10,10,10
5490,F4,24,22,22,22
5490,F5,10,60,10,10
5580,A0,51,13,13,13
5580,A1,24,22,22,22
5580,A2,12,12,54,12
5580,A4,60,10,10,10
5580,A5,27,21,21,21
5580,B0,24,22,22,22
5580,B1,24,22,22,22
5580,B2,24,22,22,22
5580,B4,24,22,22,22
5580,B5,60,10,10,10
5580,C0,21,21,27,21
5580,C1,24,22,22,22
5580,C2,57,13,10,10
5580,C3,60,10,10,10
5580,C4,57,11,11,11
5580,C5,57,11,11,11
5580,D0,24,22,22,22
5580,D1,20,20,30,20
5580,D2,51,13,13,13
5580,D3,24,22,22,22
5580,D4,24,22,22,22
5580,D5,12,12,54,12
5580,E0,24,22,22,22
5580,E1,24,22,22,22
5580,E2,24,22,22,22
5580,E3,60,10,10,10
5580,E4,11,11,57,11
5580,E5,10,10,60,10
5580,F0,24,22,22,22
5580,F1,24,22,22,22
5580,F2,60,10,10,10
5580,F3,60,10,10,10
5580,F4,24,22,22,22
5580,F5,10,60,10,10
5670,A0,51,13,13,13
5670,A1,24,22,22,22
5670,A2,12,12,54,12
5670,A4,60,10,10,10
5670,A5,27,21,21,21
5670,B0,24,22,22,22
5670,B1,22,24,22,22
5670,B2,24,22,22,22
5670,B4,24,22,22,22
5670,B5,60,10,10,10
5670,C0,22,22,24,22
5670,C1,24,22,22,22
5670,C2,57,13,10,10
5670,C3,60,10,10,10
5670,C4,57,11,11,11
5670,C5,57,11,11,11
5670,D0,24,22,22,22
5670,D1,21,21,27,21
5670,D2,51,13,13,13
5670,D3,24,22,22,22
5670,D4,24,22,22,22
5670,D5,12,12,54,12
5670,E0,24,22,22,22
5670,E1,24,22,22,22
5670,E2,24,22,22,22
5670,E3,60,10,10,10
5670,E4,11,11,57,11
5670,E5,10,10,60,10
5670,F0,24,22,22,22
5670,F1,24,22,22,22
5670,F2,60,10,10,10
5670,F3,60,10,10,10
5670,F4,24,22,22,22
5670,F5,10,60,10,10
5760,A0,51,13,13,13
5760,A1,24,22,22,22
5760,A2,11,11,57,11
5760,A4,60,10,10,10
5760,A5,30,20,20,20
5760,B0,24,22,22,22
5760,B1,24,22,22,22
5760,B2,24,22,22,22
5760,B4,24,22,22,22
5760,B5,60,10,10,10
5760,C0,21,21,27,21
5760,C1,24,22,22,22
5760,C2,58,12,10,10
5760,C3,60,10,10,10
5760,C4,57,11,11,11
5760,C5,57,11,11,11
5760,D0,24,22,22,22
5760,D1,21,21,27,21
5760,D2,45,15,15,15
5760,D3,24,22,22,22
5760,D4,24,22,22,22
5760,D5,13,13,51,13
5760,E0,24,22,22,22
5760,E1,24,22,22,22
5760,E2,24,22,22,22
5760,E3,60,10,10,10
5760,E4,11,11,57,11
5760,E5,10,10,60,10
5760,F0,24,22,22,22
5760,F1,24,22,22,22
5760,F2,60,10,10,10
5760,F3,60,10,10,10
5760,F4,24,22,22,22
5760,F5,10,60,10,10
5850,A0,51,13,13,13
5850,A1,24,22,22,22
5850,A2,11,11,57,11
5850,A4,60,10,10,10
5850,A5,27,21,21,21
5850,B0,24,22,22,22
5850,B1,24,22,22,22
5850,B2,24,22,22,22
5850,B4,24,22,22,22
5850,B5,60,10,10,10
5850,C0,22,22,24,22
5850,C1,24,22,22,22
5850,C2,58,12,10,10
5850,C3,60,10,10,10
5850,C4,60,10,10,10
5850,C5,57,11,11,11
5850,D0,24,22,22,22
5850,D1,21,21,27,21
5850,D2,48,14,14,14
5850,D3,24,22,22,22
5850,D4,24,22,22,22
5850,D5,13,13,51,13
5850,E0,24,22,22,22
5850,E1,24,22,22,22
5850,E2,24,22,22,22
5850,E3,60,10,10,10
5850,E4,11,11,57,11
5850,E5,10,10,60,10
5850,F0,24,22,22,22
5850,F1,24,22,22,22
5850,F2,60,10,10,10
5850,F3,60,10,10,10
5850,F4,24,22,22,22
5850,F5,10,60,10,10
5940,A0,51,13,13,13
5940,A1,24,22,22,22
5940,A2,11,11,57,11
5940,A4,60,10,10,10
5940,A5,27,21,21,21
5940,B0,24,22,22,22
5940,B1,24,22,22,22
5940,B2,24,22,22,22
5940,B4,24,22,22,22
5940,B5,60,10,10,10
5940,C0,22,22,24,22
5940,C1,24,22,22,22
5940,C2,58,12,10,10
5940,C3,60,10,10,10
5940,C4,57,11,11,11
5940,C5,57,11,11,11
5940,D0,24,22,22,22
5940,D1,21,21,27,21
5940,D2,48,14,14,14
5940,D3,24,22,22,22
5940,D4,24,22,22,22
5940,D5,13,13,51,13
5940,E0,24,22,22,22
5940,E1,24,22,22,22
5940,E2,24,22,22,22
5940,E3,60,10,10,10
5940,E4,11,11,57,11
5940,E5,10,10,60,10
5940,F0,24,22,22,22
5940,F1,24,22,22,22
5940,F2,60,10,10,10
5940,F3,60,10,10,10
5940,F4,24,22,22,22
5940,F5,10,60,10,10
6030,A0,51,13,13,13
6030,A1,24,22,22,22
6030,A2,12,12,54,12
6030,A4,60,10,10,10
6030,A5,24,22,22,22
6030,B0,24,22,22,22
6030,B1,24,22,22,22
6030,B2,24,22,22,22
6030,B4,24,22,22,22
6030,B5,60,10,10,10
6030,C0,24,22,22,22
6030,C1,24,22,22,22
6030,C2,55,15,10,10
6030,C3,60,10,10,10
6030,C4,57,11,11,11
6030,C5,57,11,11,11
6030,D0,24,22,22,22
6030,D1,21,21,27,21
6030,D2,42,16,16,16
6030,D3,24,22,22,22
6030,D4,24,22,22,22
6030,D5,13,13,51,13
6030,E0,24,22,22,22
6030,E1,24,22,22,22
6030,E2,24,22,22,22
6030,E3,60,10,10,10
6030,E4,11,11,57,11
6030,E5,10,10,60,10
6030,F0,24,22,22,22
6030,F1,24,22,22,22
6030,F2,60,10,10,10
6030,F3,60,10,10,10
6030,F4,24,22,22,22
6030,F5,10,60,10,10
6120,A0,51,13,13,13
6120,A1,24,22,22,22
6120,A2,11,11,57,11
6120,A4,60,10,10,10
6120,A5,27,21,21,21
6120,B0,24,22,22,22
6120,B1,24,22,22,22
6120,B2,24,22,22,22
6120,B4,24,22,22,22
6120,B5,60,10,10,10
6120,C0,22,22,24,22
6120,C1,24,22,22,22
6120,C2,57,13,10,10
6120,C3,60,10,10,10
6120,C4,57,11,11,11
6120,C5,57,11,11,11
6120,D0,24,22,22,22
6120,D1,21,21,27,21
6120,D2,45,15,15,15
6120,D3,24,22,22,22
6120,D4,24,22,22,22
6120,D5,13,13,51,13
6120,E0,24,22,22,22
6120,E1,24,22,22,22
6120,E2,24,22,22,22
6120,E3,60,10,10,10
6120,E4,11,11,57,11
6120,E5,10,10,60,10
6120,F0,24,22,22,22
6120,F1,24,22,22,22
6120,F2,60,10,10,10
6120,F3,60,10,10,10
6120,F4,24,22,22,22
6120,F5,10,60,10,10
6210,A0,51,13,13,13
6210,A1,24,22,22,22
6210,A2,12,12,54,12
6210,A4,60,10,10,10
6210,A5,24,22,22,22
6210,B0,24,22,22,22
6210,B1,24,22,22,22
6210,B2,24,22,22,22
6210,B4,24,22,22,22
6210,B5,60,10,10,10
6210,C0,19,19,33,19
6210,C1,24,22,22,22
6210,C2,58,12,10,10
6210,C3,60,10,10,10
6210,C4,60,10,10,10
6210,C5,57,11,11,11
6210,D0,24,22,22,22
6210,D1,20,20,30,20
6210,D2,51,13,13,13
6210,D3,24,22,22,22
6210,D4,24,22,22,22
6210,D5,12,12,54,12
6210,E0,24,22,22,22
6210,E1,24,22,22,22
6210,E2,24,22,22,22
6210,E3,60,10,10,10
6210,E4,11,11,57,11
6210,E5,10,10,60,10
6210,F0,24,22,22,22
6210,F1,24,22,22,22
6210,F2,60,10,10,10
6210,F3,60,10,10,10
6210,F4,24,22,22,22
6210,F5,10,60,10,10
6300,A0,48,14,14,14
6300,A1,24,22,22,22
6300,A2,12,12,54,12
6300,A4,60,10,10,10
6300,A5,24,22,22,22
6300,B0,24,22,22,22
6300,B1,24,22,22,22
6300,B2,24,22,22,22
6300,B4,24,22,22,22
6300,B5,60,10,10,10
6300,C0,22,22,24,22
6300,C1,24,22,22,22
6300,C2,56,14,10,10
6300,C3,60,10,10,10
6300,C4,60,10,10,10
6300,C5,57,11,11,11
6300,D0,24,22,22,22
6300,D1,21,21,27,21
6300,D2,45,15,15,15
6300,D3,24,22,22,22
6300,D4,24,22,22,22
6300,D5,13,13,51,13
6300,E0,24,22,22,22
6300,E1,24,22,22,22
6300,E2,24,22,22,22
6300,E3,60,10,10,10
6300,E4,11,11,57,11
6300,E5,10,10,60,10
6300,F0,24,22,22,22
6300,F1,24,22,22,22
6300,F2,60,10,10,10
6300,F3,60,10,10,10
6300,F4,24,22,22,22
6300,F5,10,60,10,10
6390,A0,51,13,13,13
6390,A1,24,22,22,22
6390,A2,12,12,54,12
6390,A4,60,10,10,10
6390,A5,24,22,22,22
6390,B0,24,22,22,22
6390,B1,24,22,22,22
6390,B2,24,22,22,22
6390,B4,24,22,22,22
6390,B5,60,10,10,10
6390,C0,22,22,24,22
6390,C1,24,22,22,22
6390,C2,57,13,10,10
6390,C3,60,10,10,10
6390,C4,57,11,11,11
6390,C5,57,11,11,11
6390,D0,24,22,22,22
6390,D1,22,22,24,22
6390,D2,45,15,15,15
6390,D3,24,22,22,22
6390,D4,24,22,22,22
6390,D5,13,13,51,13
6390,E0,24,22,22,22
6390,E1,24,22,22,22
6390,E2,24,22,22,22
6390,E3,60,10,10,10
6390,E4,11,11,57,11
6390,E5,10,10,60,10
6390,F0,24,22,22,22
6390,F1,24,22,22,22
6390,F2,60,10,10,10
6390,F3,60,10,10,10
6390,F4,24,22,22,22
6390,F5,10,60,10,10
6480,A0,54,12,12,12
6480,A1,24,22,22,22
6480,A2,12,12,54,12
6480,A4,60,10,10,10
6480,A5,27,21,21,21
6480,B0,24,22,22,22
6480,B1,24,22,22,22
6480,B2,24,22,22,22
6480,B4,24,22,22,22
6480,B5,60,10,10,10
6480,C0,20,20,30,20
6480,C1,24,22,22,22
6480,C2,56,14,10,10
6480,C3,60,10,10,10
6480,C4,57,11,11,11
6480,C5,57,11,11,11
6480,D0,24,22,22,22
6480,D1,21,21,27,21
6480,D2,48,14,14,14
6480,D3,24,22,22,22
6480,D4,24,22,22,22
6480,D5,13,13,51,13
6480,E0,24,22,22,22
6480,E1,24,22,22,22
6480,E2,24,22,22,22
6480,E3,60,10,10,10
6480,E4,11,11,57,11
6480,E5,10,10,60,10
6480,F0,24,22,22,22
6480,F1,24,22,22,22
6480,F2,60,10,10,10
6480,F3,60,10,10,10
6480,F4,24,22,22,22
6480,F5,10,60,10,10
6570,A0,54,12,12,12
6570,A1,24,22,22,22
6570,A2,12,12,54,12
6570,A4,60,10,10,10
6570,A5,24,22,22,22
6570,B0,24,22,22,22
6570,B1,24,22,22,22
6570,B2,24,22,22,22
6570,B4,24,22,22,22
6570,B5,60,10,10,10
6570,C0,20,20,30,20
6570,C1,24,22,22,22
6570,C2,58,12,10,10
6570,C3,60,10,10,10
6570,C4,57,11,11,11
6570,C5,57,11,11,11
6570,D0,24,22,22,22
6570,D1,20,20,30,20
6570,D2,45,15,15,15
6570,D3,24,22,22,22
6570,D4,24,22,22,22
6570,D5,12,12,54,12
6570,E0,24,22,22,22
6570,E1,24,22,22,22
6570,E2,24,22,22,22
6570,E3,60,10,10,10
6570,E4,11,11,57,11
6570,E5,10,10,60,10
6570,F0,24,22,22,22
6570,F1,24,22,22,22
6570,F2,60,10,10,10
6570,F3,60,10,10,10
6570,F4,24,22,22,22
6570,F5,10,60,10,10
6660,A0,51,13,13,13
6660,A1,24,22,22,22
6660,A2,12,12,54,12
6660,A4,60,10,10,10
6660,A5,24,22,22,22
6660,B0,24,22,22,22
6660,B1,24,22,22,22
6660,B2,24,22,22,22
6660,B4,24,22,22,22
6660,B5,60,10,10,10
6660,C0,21,21,27,21
6660,C1,24,22,22,22
6660,C2,58,12,10,10
6660,C3,60,10,10,10
6660,C4,57,11,11,11
6660,C5,57,11,11,11
6660,D0,24,22,22,22
6660,D1,22,22,24,22
6660,D2,45,15,15,15
6660,D3,24,22,22,22
6660,D4,24,22,22,22
6660,D5,13,13,51,13
6660,E0,24,22,22,22
6660,E1,24,22,22,22
6660,E2,24,22,22,22
6660,E3,60,10,10,10
6660,E4,11,11,57,11
6660,E5,10,10,60,10
6660,F0,24,22,22,22
6660,F1,24,22,22,22
6660,F2,60,10,10,10
6660,F3,60,10,10,10
6660,F4,24,22,22,22
6660,F5,10,60,10,10
6750,A0,51,13,13,13
6750,A1,24,22,22,22
6750,A2,12,12,54,12
6750,A4,60,10,10,10
6750,A5,24,22,22,22
6750,B0,24,22,22,22
6750,B1,24,22,22,22
6750,B2,24,22,22,22
6750,B4,24,22,22,22
6750,B5,60,10,10,10
6750,C0,21,21,27,21
6750,C1,24,22,22,22
6750,C2,57,13,10,10
6750,C3,60,10,10,10
6750,C4,57,11,11,11
6750,C5,57,11,11,11
6750,D0,24,22,22,22
6750,D1,21,21,27,21
6750,D2,45,15,15,15
6750,D3,24,22,22,22
6750,D4,24,22,22,22
6750,D5,13,13,51,13
6750,E0,24,22,22,22
6750,E1,24,22,22,22
6750,E2,24,22,22,22
6750,E3,60,10,10,10
6750,E4,11,11,57,11
6750,E5,10,10,60,10
6750,F0,24,22,22,22
6750,F1,24,22,22,22
6750,F2,60,10,10,10
6750,F3,60,10,10,10
6750,F4,24,22,22,22
6750,F5,10,60,10,10
6840,A0,51,13,13,13
6840,A1,24,22,22,22
6840,A2,12,12,54,12
6840,A4,60,10,10,10
6840,A5,27,21,21,21
6840,B0,24,22,22,22
6840,B1,24,22,22,22
6840,B2,24,22,22,22
6840,B4,24,22,22,22
6840,B5,60,10,10,10
6840,C0,21,21,27,21
6840,C1,24,22,22,22
6840,C2,58,12,10,10
6840,C3,60,10,10,10
6840,C4,57,11,11,11
6840,C5,57,11,11,11
6840,D0,24,22,22,22
6840,D1,21,21,27,21
6840,D2,45,15,15,15
6840,D3,24,22,22,22
6840,D4,24,22,22,22
6840,D5,13,13,51,13
6840,E0,24,22,22,22
6840,E1,24,22,22,22
6840,E2,24,22,22,22
6840,E3,60,10,10,10
6840,E4,11,11,57,11
6840,E5,10,10,60,10
6840,F0,24,22,22,22
6840,F1,24,22,22,22
6840,F2,60,10,10,10
6840,F3,60,10,10,10
6840,F4,24,22,22,22
6840,F5,10,60,10,10
6930,A0,51,13,13,13
6930,A1,24,22,22,22
6930,A2,12,12,54,12
6930,A4,60,10,10,10
6930,A5,24,22,22,22
6930,B0,24,22,22,22
6930,B1,24,22,22,22
6930,B2,24,22,22,22
6930,B4,24,22,22,22
6930,B5,60,10,10,10
6930,C0,21,21,27,21
6930,C1,24,22,22,22
6930,C2,57,13,10,10
6930,C3,60,10,10,10
6930,C4,57,11,11,11
6930,C5,57,11,11,11
6930,D0,24,22,22,22
6930,D1,20,20,30,20
6930,D2,45,15,15,15
6930,D3,24,22,22,22
6930,D4,24,22,22,22
6930,D5,13,13,51,13
6930,E0,24,22,22,22
6930,E1,24,22,22,22
6930,E2,24,22,22,22
6930,E3,60,10,10,10
6930,E4,11,11,57,11
6930,E5,10,10,60,10
6930,F0,24,22,22,22
6930,F1,24,22,22,22
6930,F2,60,10,10,10
6930,F3,60,10,10,10
6930,F4,24,22,22,22
6930,F5,10,60,10,10
7020,A0,51,13,13,13
7020,A1,24,22,22,22
7020,A2,12,12,54,12
7020,A4,60,10,10,10
7020,A5,24,22,22,22
7020,B0,24,22,22,22
7020,B1,24,22,22,22
7020,B2,24,22,22,22
7020,B4,24,22,22,22
7020,B5,60,10,10,10
7020,C0,20,20,30,20
7020,C1,24,22,22,22
7020,C2,57,13,10,10
7020,C3,60,10,10,10
7020,C4,57,11,11,11
7020,C5,57,11,11,11
7020,D0,24,22,22,22
7020,D1,22,22,24,22
7020,D2,45,15,15,15
7020,D3,24,22,22,22
7020,D4,24,22,22,22
7020,D5,13,13,51,13
7020,E0,24,22,22,22
7020,E1,24,22,22,22
7020,E2,24,22,22,22
7020,E3,60,10,10,10
7020,E4,11,11,57,11
7020,E5,10,10,60,10
7020,F0,24,22,22,22
7020,F1,24,22,22,22
7020,F2,60,10,10,10
7020,F3,60,10,10,10
7020,F4,24,22,22,22
7020,F5,10,60,10,10
7110,A0,54,12,12,12
7110,A1,24,22,22,22
7110,A2,12,12,54,12
7110,A4,60,10,10,10
7110,A5,24,22,22,22
7110,B0,24,22,22,22
7110,B1,24,22,22,22
7110,B2,24,22,22,22
7110,B4,24,22,22,22
7110,B5,60,10,10,10
7110,C0,21,21,27,21
7110,C1,24,22,22,22
7110,C2,56,14,10,10
7110,C3,60,10,10,10
7110,C4,57,11,11,11
7110,C5,57,11,11,11
7110,D0,24,22,22,22
7110,D1,21,21,27,21
7110,D2,48,14,14,14
7110,D3,24,22,22,22
7110,D4,24,22,22,22
7110,D5,13,13,51,13
7110,E0,24,22,22,22
7110,E1,24,22,22,22
7110,E2,24,22,22,22
7110,E3,60,10,10,10
7110,E4,11,11,57,11
7110,E5,10,10,60,10
7110,F0,24,22,22,22
7110,F1,24,22,22,22
7110,F2,60,10,10,10
7110,F3,60,10,10,10
7110,F4,24,22,22,22
7110,F5,10,60,10,10
7200,A0,51,13,13,13
7200,A1,24,22,22,22
7200,A2,12,12,54,12
7200,A4,60,10,10,10
7200,A5,24,22,22,22
7200,B0,24,22,22,22
7200,B1,24,22,22,22
7200,B2,24,22,22,22
7200,B4,24,22,22,22
7200,B5,60,10,10,10
7200,C0,21,21,27,21
7200,C1,24,22,22,22
7200,C2,54,16,10,10
7200,C3,60,10,10,10
7200,C4,57,11,11,11
7200,C5,57,11,11,11
7200,D0,24,22,22,22
7200,D1,21,21,27,21
7200,D2,48,14,14,14
7200,D3,24,22,22,22
7200,D4,24,22,22,22
7200,D5,13,13,51,13
7200,E0,24,22,22,22
7200,E1,24,22,22,22
7200,E2,24,22,22,22
7200,E3,60,10,10,10
7200,E4,11,11,57,11
7200,E5,10,10,60,10
7200,F0,24,22,22,22
7200,F1,24,22,22,22
7200,F2,60,10,10,10
7200,F3,60,10,10,10
7200,F4,24,22,22,22
7200,F5,10,60,10,10
7290,A0,54,12,12,12
7290,A1,24,22,22,22
7290,A2,12,12,54,12
7290,A4,60,10,10,10
7290,A5,24,22,22,22
7290,B0,24,22,22,22
7290,B1,24,22,22,22
7290,B2,24,22,22,22
7290,B4,24,22,22,22
7290,B5,60,10,10,10
7290,C0,24,22,22,22
7290,C1,24,22,22,22
7290,C2,55,15,10,10
7290,C3,60,10,10,10
7290,C4,57,11,11,11
7290,C5,57,11,11,11
7290,D0,24,22,22,22
7290,D1,21,21,27,21
7290,D2,48,14,14,14
7290,D3,24,22,22,22
7290,D4,24,22,22,22
7290,D5,13,13,51,13
7290,E0,24,22,22,22
7290,E1,24,22,22,22
7290,E2,24,22,22,22
7290,E3,60,10,10,10
7290,E4,11,11,57,11
7290,E5,10,10,60,10
7290,F0,24,22,22,22
7290,F1,24,22,22,22
7290,F2,60,10,10,10
7290,F3,60,10,10,10
7290,F4,24,22,22,22
7290,F5,10,60,10,10
