output,share_clipped,min,median,max,std_settled
A0_0,0.0,-7.64,-7.24,-4.25,0.231
A0_1,1.0,-21.21,-20.2,-11.43,0.893
A0_2,0.988,-16.18,-15.19,-8.62,0.703
A0_3,1.0,-189.34,-182.9,-111.33,6.077
A1_0,1.0,-17.53,-16.67,-11.73,0.389
A1_1,1.0,-17.89,-17.02,-11.25,0.493
A1_2,0.988,-17.48,-16.61,-9.52,0.689
A1_3,0.988,-17.41,-16.29,-9.42,0.813
A2_0,0.988,-16.43,-15.75,-9.03,0.488
A2_1,0.963,-12.13,-11.42,-7.06,0.316
A2_2,0.0,-7.13,-6.6,-3.97,0.434
A2_3,1.0,-188.79,-182.36,-111.31,6.041
A4_0,0.0,-0.3,0.64,1.36,0.32
A4_1,0.0,-7.57,-6.1,-2.96,0.933
A4_2,1.0,-21.96,-21.06,-13.19,0.471
A4_3,1.0,-190.48,-183.96,-111.46,6.211
A5_0,0.134,-10.38,-9.68,-7.36,0.256
A5_1,0.976,-13.46,-12.73,-6.77,0.526
A5_2,0.988,-18.23,-17.43,-7.93,0.998
A5_3,1.0,-188.5,-181.98,-110.53,6.127
B0_0,1.0,-24.19,-23.19,-13.01,1.009
B0_1,0.988,-13.19,-12.12,-9.68,0.605
B0_2,0.976,-15.55,-14.1,-6.92,1.004
B0_3,0.988,-17.02,-15.99,-8.25,0.833
B1_0,0.988,-14.26,-13.63,-8.35,0.555
B1_1,0.671,-11.42,-10.2,-5.93,0.584
B1_2,1.0,-23.53,-22.17,-13.51,0.802
B1_3,1.0,-18.03,-17.23,-11.26,0.336
B2_0,1.0,-17.83,-17.18,-11.14,0.506
B2_1,1.0,-18.18,-17.39,-10.03,0.603
B2_2,0.976,-17.51,-16.53,-6.71,0.937
B2_3,1.0,-13.32,-12.44,-10.11,0.291
B4_0,1.0,-27.21,-25.79,-15.51,0.973
B4_1,0.988,-16.32,-15.3,-9.05,0.693
B4_2,0.988,-14.1,-13.05,-8.37,0.502
B4_3,1.0,-19.38,-18.43,-10.31,0.762
B5_0,0.0,2.65,5.2,6.08,0.381
B5_1,0.988,-18.24,-17.5,-9.36,0.636
B5_2,1.0,-23.62,-22.01,-10.94,1.295
B5_3,1.0,-27.55,-26.02,-16.14,0.593
C0_0,1.0,-23.24,-22.37,-12.51,0.932
C0_1,0.988,-15.01,-13.64,-8.41,0.703
C0_2,0.037,-10.03,-9.59,-6.16,0.246
C0_3,0.976,-12.68,-11.99,-7.76,0.334
C1_0,0.976,-13.02,-12.22,-8.23,0.418
C1_1,1.0,-30.26,-28.89,-15.3,1.426
C1_2,0.988,-12.76,-12.27,-8.09,0.265
C1_3,0.988,-13.01,-12.52,-8.82,0.245
C2_0,0.0,-5.31,-4.58,-3.77,0.281
C2_1,0.0,-8.43,-7.31,-6.23,0.446
C2_2,1.0,-23.08,-21.85,-11.99,1.163
C2_3,1.0,-24.89,-23.69,-13.13,1.228
C3_0,0.0,-5.48,-4.37,-3.76,0.395
C3_1,0.89,-11.35,-10.47,-8.38,0.377
C3_2,1.0,-31.86,-30.25,-15.49,1.597
C3_3,1.0,-28.12,-26.6,-13.91,1.369
C4_0,0.0,-6.38,-5.64,-4.93,0.342
C4_1,1.0,-17.34,-16.62,-11.12,0.397
C4_2,0.878,-11.53,-10.65,-5.98,0.454
C4_3,1.0,-24.35,-22.95,-14.04,0.846
C5_0,0.0,-6.56,-5.97,-4.62,0.178
C5_1,1.0,-20.7,-19.97,-10.81,0.67
C5_2,0.988,-16.54,-15.58,-9.17,0.72
C5_3,0.951,-14.33,-13.68,-6.04,0.765
D0_0,0.976,-14.86,-14.07,-8.29,0.578
D0_1,0.976,-14.75,-13.71,-7.59,0.708
D0_2,0.915,-11.38,-10.66,-7.46,0.329
D0_3,1.0,-16.76,-16.04,-10.73,0.419
D1_0,1.0,-16.68,-16.03,-10.3,0.57
D1_1,0.976,-14.62,-13.81,-8.57,0.529
D1_2,0.0,-9.83,-9.44,-5.92,0.269
D1_3,0.976,-13.39,-12.52,-7.32,0.425
D2_0,0.0,-8.38,-7.92,-5.62,0.211
D2_1,1.0,-27.12,-26.01,-13.59,1.182
D2_2,0.988,-16.29,-15.59,-9.56,0.583
D2_3,1.0,-20.61,-19.61,-11.18,0.941
D3_0,0.988,-13.39,-12.65,-8.37,0.293
D3_1,1.0,-15.39,-14.6,-10.07,0.467
D3_2,0.963,-13.6,-12.56,-7.32,0.675
D3_3,1.0,-23.24,-22.17,-12.87,0.941
D4_0,0.988,-17.28,-16.53,-9.36,0.604
D4_1,0.976,-12.82,-12.17,-7.47,0.497
D4_2,0.963,-13.47,-12.59,-6.68,0.509
D4_3,1.0,-16.79,-16.04,-10.44,0.612
D5_0,0.988,-15.24,-14.54,-8.79,0.474
D5_1,0.988,-17.72,-16.97,-9.91,0.564
D5_2,0.0,-7.64,-7.27,-4.76,0.181
D5_3,0.976,-14.69,-14.09,-8.31,0.683
E0_0,1.0,-20.25,-19.41,-11.75,0.669
E0_1,1.0,-18.56,-17.79,-11.28,0.51
E0_2,0.988,-13.32,-12.66,-8.73,0.388
E0_3,0.939,-12.46,-11.81,-5.61,0.604
E1_0,0.915,-11.32,-10.8,-6.39,0.369
E1_1,1.0,-17.85,-17.24,-10.68,0.617
E1_2,0.902,-12.25,-11.13,-6.34,0.597
E1_3,1.0,-21.44,-20.06,-11.29,1.048
E2_0,0.988,-16.33,-15.66,-8.83,0.563
E2_1,0.988,-17.56,-16.92,-9.45,0.645
E2_2,0.976,-11.59,-11.07,-7.87,0.255
E2_3,0.988,-15.98,-15.13,-8.5,0.666
E3_0,0.0,-5.5,-4.89,-2.14,0.325
E3_1,1.0,-19.3,-18.5,-10.91,0.644
E3_2,0.988,-14.19,-13.56,-9.14,0.384
E3_3,0.988,-14.08,-13.09,-8.57,0.591
E4_0,1.0,-22.69,-21.5,-11.73,1.104
E4_1,1.0,-21.44,-20.76,-12.09,0.673
E4_2,0.0,-6.45,-6.03,-4.6,0.212
E4_3,1.0,-24.9,-23.89,-15.36,0.731
E5_0,1.0,-19.53,-18.86,-11.43,0.516
E5_1,1.0,-20.51,-19.77,-12.93,0.499
E5_2,0.0,-5.54,-4.81,-2.77,0.335
E5_3,0.988,-18.64,-17.96,-9.85,0.727
F0_0,0.805,-10.74,-10.31,-7.12,0.265
F0_1,0.951,-11.64,-11.25,-6.62,0.393
F0_2,0.939,-11.41,-11.04,-6.42,0.393
F0_3,1.0,-186.62,-180.21,-109.31,6.064
F1_0,0.976,-14.4,-13.64,-9.07,0.563
F1_1,0.988,-18.09,-17.36,-9.63,0.597
F1_2,0.988,-16.3,-15.56,-8.22,0.539
F1_3,1.0,-23.27,-22.14,-12.61,0.843
F2_0,0.0,-6.64,-2.52,-1.36,0.58
F2_1,1.0,-21.77,-20.9,-11.28,0.762
F2_2,0.988,-16.94,-16.29,-9.2,0.542
F2_3,0.988,-14.62,-13.74,-9.99,0.312
F3_0,0.0,-5.49,-4.3,-3.28,0.501
F3_1,1.0,-23.19,-22.22,-12.38,0.723
F3_2,0.988,-14.78,-14.14,-8.32,0.343
F3_3,1.0,-23.39,-22.04,-11.28,1.016
F4_0,0.988,-18.24,-16.91,-9.94,0.875
F4_1,1.0,-21.83,-20.8,-13.63,0.525
F4_2,0.988,-16.01,-15.11,-7.95,0.661
F4_3,1.0,-17.66,-16.66,-10.81,0.516
F5_0,0.988,-14.78,-13.89,-8.44,0.567
F5_1,0.0,-3.46,-1.43,1.37,1.084
F5_2,0.988,-17.24,-16.38,-9.47,0.386
F5_3,1.0,-188.97,-182.56,-110.8,6.124
